年份,地区,地区生产总值(万元),人均地区生产总值(元),户籍人口(万人),city_name,year_now,city_new_comp_cnt_now,year_last,city_new_comp_cnt_last,yoy_gr,city_idx,year
2019.0,七台河,2310000.0,29912.0,77.0,七台河,2020,7583,2019,9331,-18.73325474225699,65,2019.0
2020.0,七台河,2060000.0,26979.0,76.0,七台河,2021,9090,2020,7583,19.873401028616637,65,2020.0
2021.0,七台河,2310000.0,34055.0,75.0,七台河,2022,9294,2021,9090,2.2442244224422536,65,2021.0
2019.0,三亚,6780000.0,87105.0,63.0,三亚,2020,37077,2019,29998,23.598239882658834,223,2019.0
2020.0,三亚,6950000.0,68656.0,67.0,三亚,2021,48990,2020,37077,32.13043126466542,223,2020.0
2021.0,三亚,8350000.0,79809.0,71.0,三亚,2022,40205,2021,48990,-17.932231067564807,223,2021.0
2019.0,三明,26020000.0,100641.0,289.0,三明,2020,52208,2019,33040,58.01452784503631,112,2019.0
2020.0,三明,27020000.0,108304.0,288.0,三明,2021,33274,2020,52208,-36.26647257125345,112,2020.0
2021.0,三明,29530000.0,118852.0,287.0,三明,2022,36539,2021,33274,9.81246618981788,112,2021.0
2019.0,三沙,17920000.0,50775.0,0.0,三沙,2020,64,2019,49,30.61224489795917,224,2019.0
2020.0,三沙,18530000.0,54570.0,0.0,三沙,2021,55,2020,64,-14.0625,224,2020.0
2021.0,三沙,20710000.0,61102.0,0.0,三沙,2022,30,2021,55,-45.45454545454546,224,2021.0
2019.0,三门峡,14440000.0,63473.0,227.0,三门峡,2020,21057,2019,21385,-1.5337853635725929,156,2019.0
2020.0,三门峡,14510000.0,71541.0,226.5,三门峡,2021,24229,2020,21057,15.063874246093944,156,2020.0
2021.0,三门峡,15830000.0,77701.0,226.0,三门峡,2022,45861,2021,24229,89.28143959717694,156,2021.0
2019.0,上海,381560000.0,157279.0,1469.0,上海,2020,401554,2019,358606,11.976375186137432,1,2019.0
2020.0,上海,387010000.0,155800.0,1481.0,上海,2021,436921,2020,401554,8.807532735323264,1,2020.0
2021.0,上海,432150000.0,173600.0,1493.0,上海,2022,351770,2021,436921,-19.488877852060217,1,2021.0
2019.0,上饶,25130000.0,36839.0,793.0,上饶,2020,68305,2019,79847,-14.455145465703156,125,2019.0
2020.0,上饶,26240000.0,40430.0,791.0,上饶,2021,86786,2020,68305,27.056584437449672,125,2020.0
2021.0,上饶,30430000.0,47081.0,789.0,上饶,2022,71621,2021,86786,-17.47401654644758,125,2021.0
2019.0,东莞,94820000.0,112507.0,251.0,东莞,2020,103396,2019,106368,-2.794073405535502,198,2019.0
2020.0,东莞,96500000.0,92176.0,265.0,东莞,2021,122597,2020,103396,18.570350883980048,198,2020.0
2021.0,东莞,108550000.0,103284.0,279.0,东莞,2022,161489,2021,122597,31.72345163421617,198,2021.0
2019.0,东营,29160000.0,134022.0,198.0,东营,2020,45160,2019,46020,-1.8687527162103423,133,2019.0
2020.0,东营,29810000.0,135910.0,198.0,东营,2021,39461,2020,45160,-12.619574844995574,133,2020.0
2021.0,东营,34420000.0,156852.0,198.0,东营,2022,33645,2021,39461,-14.738602670991607,133,2021.0
2019.0,中卫,4380000.0,37358.0,122.0,中卫,2020,11575,2019,10200,13.480392156862742,291,2019.0
2020.0,中卫,4400000.0,41122.0,122.0,中卫,2021,12872,2020,11575,11.205183585313172,291,2020.0
2021.0,中卫,5050000.0,47083.0,122.0,中卫,2022,9907,2021,12872,-23.034493474207583,291,2021.0
2019.0,中山,31010000.0,92709.0,183.0,中山,2020,36923,2019,37923,-2.636922184426338,200,2019.0
2020.0,中山,31520000.0,71478.0,191.0,中山,2021,41726,2020,36923,13.008152100316872,200,2020.0
2021.0,中山,35660000.0,80157.0,199.0,中山,2022,65763,2021,41726,57.6067679624215,200,2021.0
2019.0,临汾,14530000.0,32250.0,431.0,临汾,2020,41817,2019,40208,4.001691205730196,24,2019.0
2020.0,临汾,15050000.0,37762.0,430.0,临汾,2021,41579,2020,41817,-0.5691465193581546,24,2020.0
2021.0,临汾,19090000.0,48438.0,429.0,临汾,2022,126495,2021,41579,204.22809591380263,24,2021.0
2019.0,临沂,46000000.0,43213.0,1190.0,临沂,2020,161239,2019,144129,11.871309729478453,139,2019.0
2020.0,临沂,48050000.0,43582.0,1195.5,临沂,2021,178417,2020,161239,10.653750023257391,139,2020.0
2021.0,临沂,54660000.0,49585.0,1201.0,临沂,2022,149240,2021,178417,-16.353262301238114,139,2021.0
2019.0,临沧,7590000.0,29926.0,241.0,临沧,2020,18994,2019,18613,2.046956428302793,256,2019.0
2020.0,临沧,8210000.0,36213.0,241.5,临沧,2021,24088,2020,18994,26.818995472254397,256,2020.0
2021.0,临沧,9080000.0,40458.0,242.0,临沧,2022,46298,2021,24088,92.20358684822318,256,2021.0
2019.0,丹东,7680000.0,32256.0,233.0,丹东,2020,20396,2019,30472,-33.06642163297453,40,2019.0
2020.0,丹东,7790000.0,35389.0,231.0,丹东,2021,23613,2020,20396,15.772700529515582,40,2020.0
2021.0,丹东,8540000.0,39402.0,229.0,丹东,2022,19759,2021,23613,-16.321517807987128,40,2021.0
2019.0,丽水,14770000.0,66936.0,271.0,丽水,2020,51760,2019,41843,23.70049948617452,92,2019.0
2020.0,丽水,15400000.0,61811.0,270.5,丽水,2021,50587,2020,51760,-2.266228748068011,92,2020.0
2021.0,丽水,17100000.0,68101.0,270.0,丽水,2022,49965,2021,50587,-1.2295649079803073,92,2021.0
2019.0,丽江,4730000.0,36369.0,123.0,丽江,2020,22564,2019,18769,20.21951089562577,253,2019.0
2020.0,丽江,5130000.0,40857.0,123.5,丽江,2021,23612,2020,22564,4.644566566211661,253,2020.0
2021.0,丽江,5700000.0,45475.0,124.0,丽江,2022,27512,2021,23612,16.517025241402685,253,2021.0
2019.0,乌兰察布,8080000.0,38622.0,269.0,乌兰察布,2020,20016,2019,18606,7.578200580457928,34,2019.0
2020.0,乌兰察布,8270000.0,47837.0,266.5,乌兰察布,2021,19898,2020,20016,-0.5895283772981652,34,2020.0
2021.0,乌兰察布,9040000.0,53871.0,264.0,乌兰察布,2022,14986,2021,19898,-24.685898080209068,34,2021.0
2019.0,乌海,5510000.0,97565.0,44.0,乌海,2020,7052,2019,8144,-13.408644400785851,28,2019.0
2020.0,乌海,5630000.0,101238.0,44.0,乌海,2021,7349,2020,7052,4.211571185479301,28,2020.0
2021.0,乌海,7180000.0,128923.0,44.0,乌海,2022,6959,2021,7349,-5.306844468635186,28,2021.0
2019.0,乌鲁木齐,34130000.0,96723.0,227.0,乌鲁木齐,2020,40517,2019,42316,-4.251347008223839,293,2019.0
2020.0,乌鲁木齐,33370000.0,82314.0,231.0,乌鲁木齐,2021,50186,2020,40517,23.864057062467616,293,2020.0
2021.0,乌鲁木齐,36920000.0,90794.0,235.0,乌鲁木齐,2022,34564,2021,50186,-31.128203084525563,293,2021.0
2019.0,乐山,18630000.0,56999.0,350.0,乐山,2020,26843,2019,25542,5.093571372641148,234,2019.0
2020.0,乐山,20030000.0,63259.0,348.5,乐山,2021,29304,2020,26843,9.168125768356749,234,2020.0
2021.0,乐山,22050000.0,69850.0,347.0,乐山,2022,26609,2021,29304,-9.196696696696694,234,2021.0
2019.0,九江,31210000.0,63584.0,525.0,九江,2020,57118,2019,68156,-16.19519924878221,119,2019.0
2020.0,九江,32410000.0,70340.0,523.5,九江,2021,86598,2020,57118,51.61245141636612,119,2020.0
2021.0,九江,37360000.0,81551.0,522.0,九江,2022,137075,2021,86598,58.28887503175593,119,2021.0
2019.0,云浮,9220000.0,36354.0,301.0,云浮,2020,18695,2019,18397,1.619829319997823,204,2019.0
2020.0,云浮,10020000.0,42047.0,301.5,云浮,2021,18934,2020,18695,1.2784166889542758,204,2020.0
2021.0,云浮,11390000.0,47685.0,302.0,云浮,2022,21242,2021,18934,12.18971162987219,204,2021.0
2019.0,亳州,17490000.0,33314.0,663.0,亳州,2020,46567,2019,47656,-2.28512674164848,106,2019.0
2020.0,亳州,18060000.0,36156.0,666.0,亳州,2021,51015,2020,46567,9.551828548113471,106,2020.0
2021.0,亳州,19730000.0,39509.0,669.0,亳州,2022,77781,2021,51015,52.46692149367833,106,2021.0
2019.0,伊春,2990000.0,26384.0,112.0,伊春,2020,12075,2019,12138,-0.519031141868509,61,2019.0
2020.0,伊春,2940000.0,26506.0,110.0,伊春,2021,13314,2020,12075,10.26086956521739,61,2020.0
2021.0,伊春,3190000.0,36982.0,108.0,伊春,2022,14222,2021,13314,6.819888838816279,61,2021.0
2019.0,佛山,107510000.0,133850.0,461.0,佛山,2020,97541,2019,93240,4.612827112827111,202,2019.0
2020.0,佛山,108160000.0,114157.0,472.5,佛山,2021,123545,2020,97541,26.65955854461202,202,2020.0
2021.0,佛山,121570000.0,127085.0,484.0,佛山,2022,178234,2021,123545,44.26646161317738,202,2021.0
2019.0,佳木斯,7630000.0,32788.0,233.0,佳木斯,2020,27286,2019,30635,-10.931940590827482,63,2019.0
2020.0,佳木斯,8120000.0,35124.0,230.5,佳木斯,2021,32046,2020,27286,17.444843509492046,63,2020.0
2021.0,佳木斯,8160000.0,38247.0,228.0,佳木斯,2022,31069,2021,32046,-3.048742432752916,63,2021.0
2019.0,保定,37720000.0,31856.0,1215.0,保定,2020,126135,2019,122668,2.8263279746959302,9,2019.0
2020.0,保定,39540000.0,34269.0,1211.5,保定,2021,130440,2020,126135,3.413009870376982,9,2020.0
2021.0,保定,44020000.0,38157.0,1208.0,保定,2022,141311,2021,130440,8.334099969334563,9,2021.0
2019.0,保山,9610000.0,36548.0,264.0,保山,2020,20793,2019,19309,7.685535242632979,257,2019.0
2020.0,保山,10530000.0,43200.0,264.5,保山,2021,24953,2020,20793,20.006733035156053,257,2020.0
2021.0,保山,11660000.0,48074.0,265.0,保山,2022,37875,2021,24953,51.78535647016391,257,2021.0
2019.0,信阳,27580000.0,42641.0,912.0,信阳,2020,43681,2019,46727,-6.518715089776784,161,2019.0
2020.0,信阳,28050000.0,44922.0,911.0,信阳,2021,52998,2020,43681,21.32963988919667,161,2020.0
2021.0,信阳,30650000.0,49345.0,910.0,信阳,2022,108369,2021,52998,104.4775274538662,161,2021.0
2019.0,儋州,3580000.0,39065.0,98.0,儋州,2020,17525,2019,14188,23.519875951508308,225,2019.0
2020.0,儋州,3590000.0,41003.0,102.5,儋州,2021,17808,2020,17525,1.6148359486447994,225,2020.0
2021.0,儋州,8320000.0,86169.0,107.0,儋州,2022,16643,2021,17808,-6.542003593890389,225,2021.0
2019.0,克拉玛依,9730000.0,188857.0,31.0,克拉玛依,2020,5467,2019,6402,-14.604810996563575,294,2019.0
2020.0,克拉玛依,8870000.0,180871.0,31.5,克拉玛依,2021,6320,2020,5467,15.602707152002935,294,2020.0
2021.0,克拉玛依,10720000.0,205941.0,32.0,克拉玛依,2022,4840,2021,6320,-23.417721518987346,294,2021.0
2019.0,六安,16200000.0,33370.0,591.0,六安,2020,39832,2019,39719,0.2844986026838469,105,2019.0
2020.0,六安,16700000.0,37899.0,587.5,六安,2021,44828,2020,39832,12.54267925286201,105,2020.0
2021.0,六安,19230000.0,43690.0,584.0,六安,2022,58894,2021,44828,31.37771035959669,105,2021.0
2019.0,六盘水,12660000.0,43003.0,353.0,六盘水,2020,22640,2019,25313,-10.559791411527677,245,2019.0
2020.0,六盘水,13400000.0,44224.0,356.5,六盘水,2021,22280,2020,22640,-1.590106007067138,245,2020.0
2021.0,六盘水,14740000.0,48715.0,360.0,六盘水,2022,32334,2021,22280,45.12567324955117,245,2021.0
2019.0,兰州,28370000.0,75217.0,332.0,兰州,2020,40820,2019,40860,-0.0978952520802711,274,2019.0
2020.0,兰州,28870000.0,66680.0,334.0,兰州,2021,47410,2020,40820,16.144047035766775,274,2020.0
2021.0,兰州,32310000.0,73807.0,336.0,兰州,2022,37857,2021,47410,-20.14975743514027,274,2021.0
2019.0,内江,14330000.0,38743.0,408.0,内江,2020,18915,2019,18386,2.8771891656695248,233,2019.0
2020.0,内江,14660000.0,46228.0,405.5,内江,2021,25365,2020,18915,34.099920697858835,233,2020.0
2021.0,内江,16060000.0,51377.0,403.0,内江,2022,26030,2021,25365,2.621722846441954,233,2021.0
2019.0,包头,27140000.0,93835.0,225.0,包头,2020,26550,2019,25872,2.620593692022255,27,2019.0
2020.0,包头,27870000.0,102949.0,224.5,包头,2021,32649,2020,26550,22.971751412429377,27,2020.0
2021.0,包头,32930000.0,121331.0,224.0,包头,2022,25877,2021,32649,-20.74182976507704,27,2021.0
2019.0,北京,353710000.0,164220.0,1397.0,北京,2020,178535,2019,183996,-2.9679993043327024,0,2019.0
2020.0,北京,361030000.0,164889.0,1405.5,北京,2021,226930,2020,178535,27.10672977287367,0,2020.0
2021.0,北京,402700000.0,183980.0,1414.0,北京,2022,235482,2021,226930,3.768562992993441,0,2021.0
2019.0,北海,13010000.0,76955.0,180.0,北海,2020,27611,2019,23210,18.961654459284794,215,2019.0
2020.0,北海,12770000.0,69373.0,181.5,北海,2021,22328,2020,27611,-19.133678606352543,215,2020.0
2021.0,北海,15040000.0,80710.0,183.0,北海,2022,30152,2021,22328,35.041203869580805,215,2021.0
2019.0,十堰,20130000.0,59163.0,346.0,十堰,2020,28626,2019,45283,-36.7842236600932,163,2019.0
2020.0,十堰,19150000.0,58304.0,343.0,十堰,2021,66385,2020,28626,131.90456228603367,163,2020.0
2021.0,十堰,21640000.0,67973.0,340.0,十堰,2022,88313,2021,66385,33.03155833396099,163,2021.0
2019.0,南京,140310000.0,165681.0,710.0,南京,2020,217264,2019,202250,7.423485784919648,69,2019.0
2020.0,南京,148180000.0,159322.0,722.0,南京,2021,213933,2020,217264,-1.5331578172177671,69,2020.0
2021.0,南京,163560000.0,174520.0,734.0,南京,2022,156222,2021,213933,-26.976202829857943,69,2021.0
2019.0,南充,23220000.0,36073.0,724.0,南充,2020,40302,2019,35844,12.437227987947775,230,2019.0
2020.0,南充,24010000.0,42482.0,719.5,南充,2021,42460,2020,40302,5.354572974045957,230,2020.0
2021.0,南充,26020000.0,46589.0,715.0,南充,2022,42473,2021,42460,0.0306170513424408,230,2021.0
2019.0,南宁,45070000.0,61738.0,782.0,南宁,2020,90839,2019,99930,-9.097368157710395,208,2019.0
2020.0,南宁,47260000.0,54669.0,791.5,南宁,2021,102473,2020,90839,12.807274408569016,208,2020.0
2021.0,南宁,51210000.0,58241.0,801.0,南宁,2022,114800,2021,102473,12.029510212446205,208,2021.0
2019.0,南平,19920000.0,74036.0,318.0,南平,2020,44718,2019,36286,23.237612302265333,111,2019.0
2020.0,南平,20070000.0,74903.0,316.5,南平,2021,64288,2020,44718,43.76313788630976,111,2020.0
2021.0,南平,21180000.0,79162.0,315.0,南平,2022,44716,2021,64288,-30.444250871080136,111,2021.0
2019.0,南昌,55960000.0,100415.0,536.0,南昌,2020,77351,2019,89661,-13.729492198391725,118,2019.0
2020.0,南昌,57460000.0,92697.0,538.0,南昌,2021,93776,2020,77351,21.2343731819886,118,2020.0
2021.0,南昌,66510000.0,104788.0,540.0,南昌,2022,178835,2021,93776,90.7044446340215,118,2021.0
2019.0,南通,93830000.0,128294.0,760.0,南通,2020,147836,2019,110668,33.585137528463505,77,2019.0
2020.0,南通,100360000.0,129900.0,756.0,南通,2021,115955,2020,147836,-21.565112692442977,77,2020.0
2021.0,南通,110270000.0,142721.0,752.0,南通,2022,79134,2021,115955,-31.754559958604634,77,2021.0
2019.0,南阳,38150000.0,38064.0,1239.0,南阳,2020,89845,2019,80393,11.75724254599282,157,2019.0
2020.0,南阳,39260000.0,40315.0,1235.0,南阳,2021,114212,2020,89845,27.121153097000384,157,2020.0
2021.0,南阳,43420000.0,44894.0,1231.0,南阳,2022,207181,2021,114212,81.40037824396735,157,2021.0
2019.0,厦门,59950000.0,142739.0,261.0,厦门,2020,76437,2019,80499,-5.046025416464806,109,2019.0
2020.0,厦门,63840000.0,123962.0,272.0,厦门,2021,85150,2020,76437,11.39892983764408,109,2020.0
2021.0,厦门,70340000.0,134491.0,283.0,厦门,2022,86784,2021,85150,1.918966529653554,109,2021.0
2019.0,双鸭山,4760000.0,33857.0,141.0,双鸭山,2020,13472,2019,13160,2.370820668693008,64,2019.0
2020.0,双鸭山,4940000.0,35391.0,139.0,双鸭山,2021,15783,2020,13472,17.154097387173394,64,2020.0
2021.0,双鸭山,5160000.0,43270.0,137.0,双鸭山,2022,16687,2021,15783,5.7276816828232935,64,2021.0
2019.0,台州,51340000.0,83555.0,607.0,台州,2020,89664,2019,79436,12.87577420816759,90,2019.0
2020.0,台州,52630000.0,79889.0,606.5,台州,2021,83088,2020,89664,-7.334047109207709,90,2020.0
2021.0,台州,57860000.0,87089.0,606.0,台州,2022,104442,2021,83088,25.7004621606008,90,2021.0
2019.0,合肥,94090000.0,115623.0,770.0,合肥,2020,148321,2019,165860,-10.574580971904012,93,2019.0
2020.0,合肥,100460000.0,108427.0,781.5,合肥,2021,205372,2020,148321,38.464546490382354,93,2020.0
2021.0,合肥,114130000.0,121187.0,793.0,合肥,2022,230729,2021,205372,12.346863253023788,93,2021.0
2019.0,吉安,20850000.0,42060.0,540.0,吉安,2020,48857,2019,50297,-2.862993816728632,128,2019.0
2020.0,吉安,21680000.0,48307.0,539.0,吉安,2021,67049,2020,48857,37.235196594142096,128,2020.0
2021.0,吉安,25260000.0,56789.0,538.0,吉安,2022,61164,2021,67049,-8.77716297036496,128,2021.0
2019.0,吉林,14170000.0,34335.0,412.0,吉林,2020,33305,2019,34722,-4.080986118311158,50,2019.0
2020.0,吉林,14530000.0,35588.0,407.0,吉林,2021,39576,2020,33305,18.82900465395587,50,2020.0
2021.0,吉林,15500000.0,43333.0,402.0,吉林,2022,43423,2021,39576,9.72053769961594,50,2021.0
2019.0,吐鲁番,3840000.0,60985.0,63.0,吐鲁番,2020,6018,2019,7777,-22.61797608332262,295,2019.0
2020.0,吐鲁番,3730000.0,61550.0,62.67,吐鲁番,2021,6297,2020,6018,4.636091724825531,295,2020.0
2021.0,吐鲁番,4330000.0,62115.0,62.33,吐鲁番,2022,5328,2021,6297,-15.388280133396858,295,2021.0
2019.0,吕梁,15120000.0,38890.0,394.0,吕梁,2020,37164,2019,33962,9.42818444143454,25,2019.0
2020.0,吕梁,15380000.0,42200.0,393.0,吕梁,2021,38090,2020,37164,2.491658594338597,25,2020.0
2021.0,吕梁,20710000.0,61200.0,392.0,吕梁,2022,74682,2021,38090,96.06720924127067,25,2021.0
2019.0,吴忠,5800000.0,40889.0,143.0,吴忠,2020,15017,2019,15970,-5.967438948027548,290,2019.0
2020.0,吴忠,6220000.0,44330.0,143.5,吴忠,2021,17094,2020,15017,13.830991542918024,290,2020.0
2021.0,吴忠,7620000.0,54933.0,144.0,吴忠,2022,15016,2021,17094,-12.156312156312154,290,2021.0
2019.0,周口,31980000.0,36891.0,1257.0,周口,2020,72547,2019,79383,-8.611415542370537,159,2019.0
2020.0,周口,32670000.0,36214.0,1257.5,周口,2021,96310,2020,72547,32.755317242615135,159,2020.0
2021.0,周口,34960000.0,39126.0,1258.0,周口,2022,165543,2021,96310,71.88557782161769,159,2021.0
2019.0,呼伦贝尔,11930000.0,47116.0,255.0,呼伦贝尔,2020,23520,2019,29752,-20.946490992202204,32,2019.0
2020.0,呼伦贝尔,11720000.0,45923.0,252.5,呼伦贝尔,2021,26403,2020,23520,12.257653061224485,32,2020.0
2021.0,呼伦贝尔,13550000.0,60887.0,250.0,呼伦贝尔,2022,25242,2021,26403,-4.397227587774122,32,2021.0
2019.0,呼和浩特,27910000.0,89138.0,249.0,呼和浩特,2020,40163,2019,45355,-11.447469959210675,26,2019.0
2020.0,呼和浩特,28010000.0,81656.0,252.0,呼和浩特,2021,47703,2020,40163,18.77349799566765,26,2020.0
2021.0,呼和浩特,31210000.0,89828.0,255.0,呼和浩特,2022,36381,2021,47703,-23.734356329790582,26,2021.0
2019.0,咸宁,15950000.0,62650.0,305.0,咸宁,2020,24293,2019,29500,-17.650847457627115,170,2019.0
2020.0,咸宁,15250000.0,58319.0,304.5,咸宁,2021,42108,2020,24293,73.33388218828469,170,2020.0
2021.0,咸宁,17520000.0,66194.0,304.0,咸宁,2022,67466,2021,42108,60.22133561318515,170,2021.0
2019.0,咸阳,21950000.0,50338.0,458.0,咸阳,2020,61295,2019,59257,3.4392561216396444,268,2019.0
2020.0,咸阳,22050000.0,55189.0,456.5,咸阳,2021,64234,2020,61295,4.794844603964443,268,2020.0
2021.0,咸阳,25810000.0,61002.0,455.0,咸阳,2022,71168,2021,64234,10.79490612448235,268,2021.0
2019.0,哈密,6050000.0,98148.0,56.0,哈密,2020,8215,2019,7696,6.743762993763003,296,2019.0
2020.0,哈密,6080000.0,103153.0,56.0,哈密,2021,9134,2020,8215,11.186853317102852,296,2020.0
2021.0,哈密,7270000.0,108157.0,56.0,哈密,2022,7612,2021,9134,-16.663017298007443,296,2021.0
2019.0,哈尔滨,52490000.0,55175.0,951.0,哈尔滨,2020,88587,2019,100963,-12.257955884829098,57,2019.0
2020.0,哈尔滨,51840000.0,54570.0,947.0,哈尔滨,2021,123565,2020,88587,39.48434871933806,57,2020.0
2021.0,哈尔滨,53520000.0,53823.0,943.0,哈尔滨,2022,119824,2021,123565,-3.0275563468619704,57,2021.0
2019.0,唐山,68900000.0,86667.0,756.0,唐山,2020,93263,2019,107697,-13.402416037586928,5,2019.0
2020.0,唐山,72110000.0,93470.0,753.5,唐山,2021,82647,2020,93263,-11.382863515005948,5,2020.0
2021.0,唐山,82310000.0,106784.0,751.0,唐山,2022,88378,2021,82647,6.934310985274728,5,2021.0
2019.0,商丘,29110000.0,39719.0,1005.0,商丘,2020,76628,2019,67915,12.829271883972604,158,2019.0
2020.0,商丘,29260000.0,37443.0,1008.5,商丘,2021,104610,2020,76628,36.51667797671869,158,2020.0
2021.0,商丘,30830000.0,39678.0,1012.0,商丘,2022,163525,2021,104610,56.31870758053723,158,2021.0
2019.0,商洛,8370000.0,35181.0,250.0,商洛,2020,15404,2019,14707,4.739239817773844,272,2019.0
2020.0,商洛,7390000.0,35381.0,249.5,商洛,2021,14729,2020,15404,-4.3819787068293925,272,2020.0
2021.0,商洛,8520000.0,41812.0,249.0,商洛,2022,13500,2021,14729,-8.344083101364653,272,2021.0
2019.0,嘉兴,53700000.0,112751.0,364.0,嘉兴,2020,70854,2019,58420,21.28380691543992,85,2019.0
2020.0,嘉兴,55100000.0,102541.0,368.0,嘉兴,2021,64218,2020,70854,-9.365737996443393,85,2020.0
2021.0,嘉兴,63550000.0,116323.0,372.0,嘉兴,2022,82510,2021,64218,28.48422560652777,85,2021.0
2019.0,嘉峪关,2830000.0,112219.0,21.0,嘉峪关,2020,362,2019,330,9.696969696969692,275,2019.0
2020.0,嘉峪关,2820000.0,91000.0,21.0,嘉峪关,2021,506,2020,362,39.77900552486189,275,2020.0
2021.0,嘉峪关,3260000.0,103773.0,21.0,嘉峪关,2022,209,2021,506,-58.69565217391304,275,2021.0
2019.0,四平,7960000.0,24979.0,318.0,四平,2020,19154,2019,19159,-0.0260973954799292,51,2019.0
2020.0,四平,5270000.0,24586.0,263.5,四平,2021,21349,2020,19154,11.459747311266575,51,2020.0
2021.0,四平,5540000.0,31003.0,209.0,四平,2022,29628,2021,21349,38.77933392664761,51,2021.0
2019.0,固原,3230000.0,25886.0,147.0,固原,2020,10755,2019,10953,-1.8077239112571863,292,2019.0
2020.0,固原,3520000.0,29462.0,146.5,固原,2021,11349,2020,10755,5.523012552301254,292,2020.0
2021.0,固原,3750000.0,32733.0,146.0,固原,2022,9386,2021,11349,-17.296678121420396,292,2021.0
2019.0,大同,13190000.0,38122.0,318.0,大同,2020,30346,2019,36688,-17.28630614914959,16,2019.0
2020.0,大同,13700000.0,43982.0,317.0,大同,2021,30471,2020,30346,0.4119159032491826,16,2020.0
2021.0,大同,16860000.0,54391.0,316.0,大同,2022,71498,2021,30471,134.64277509763383,16,2021.0
2019.0,大庆,25680000.0,94289.0,272.0,大庆,2020,31950,2019,35942,-11.106783150631571,60,2019.0
2020.0,大庆,23010000.0,84784.0,272.0,大庆,2021,33956,2020,31950,6.278560250391241,60,2020.0
2021.0,大庆,26200000.0,94790.0,272.0,大庆,2022,34262,2021,33956,0.9011662151019006,60,2021.0
2019.0,大连,70020000.0,99996.0,599.0,大连,2020,61504,2019,70881,-13.229215163442952,36,2019.0
2020.0,大连,70300000.0,94685.0,601.5,大连,2021,72517,2020,61504,17.906152445369415,36,2020.0
2021.0,大连,78260000.0,104751.0,604.0,大连,2022,75662,2021,72517,4.3369141029000025,36,2021.0
2019.0,天水,6330000.0,18819.0,372.0,天水,2020,20669,2019,18609,11.069912407974636,278,2019.0
2020.0,天水,6670000.0,22251.0,372.0,天水,2021,20854,2020,20669,0.8950602351347481,278,2020.0
2021.0,天水,7500000.0,25279.0,372.0,天水,2022,18902,2021,20854,-9.360314567948592,278,2021.0
2019.0,天津,141040000.0,90371.0,1108.0,天津,2020,187515,2019,213921,-12.343809163195765,2,2019.0
2020.0,天津,140840000.0,101614.0,1130.0,天津,2021,195686,2020,187515,4.357518065221444,2,2020.0
2021.0,天津,156950000.0,113732.0,1152.0,天津,2022,178217,2021,195686,-8.927056611101458,2,2021.0
2019.0,太原,40290000.0,90698.0,384.0,太原,2020,75874,2019,75190,0.909695438223168,15,2019.0
2020.0,太原,41530000.0,78734.0,389.5,太原,2021,101162,2020,75874,33.328940084877566,15,2020.0
2021.0,太原,51220000.0,95646.0,395.0,太原,2022,126629,2021,101162,25.17447262806192,15,2021.0
2019.0,威海,29640000.0,104615.0,257.0,威海,2020,55363,2019,57896,-4.375086361752112,137,2019.0
2020.0,威海,30180000.0,103829.0,256.5,威海,2021,55183,2020,55363,-0.3251268898000425,137,2020.0
2021.0,威海,34640000.0,118925.0,256.0,威海,2022,45984,2021,55183,-16.669988945871005,137,2021.0
2019.0,娄底,16410000.0,41675.0,455.0,娄底,2020,28454,2019,24870,14.410936871733004,186,2019.0
2020.0,娄底,16800000.0,43913.0,451.5,娄底,2021,24529,2020,28454,-13.794194137906802,186,2020.0
2021.0,娄底,18260000.0,47893.0,448.0,娄底,2022,53485,2021,24529,118.04802478698684,186,2021.0
2019.0,孝感,23010000.0,46772.0,515.0,孝感,2020,22372,2019,24659,-9.274504237803638,166,2019.0
2020.0,孝感,21940000.0,51367.0,509.5,孝感,2021,50630,2020,22372,126.30967280529232,166,2020.0
2021.0,孝感,25620000.0,60556.0,504.0,孝感,2022,82281,2021,50630,62.514319573375474,166,2021.0
2019.0,宁德,24520000.0,84251.0,356.0,宁德,2020,41875,2019,39499,6.015342160561032,117,2019.0
2020.0,宁德,26190000.0,83541.0,356.0,宁德,2021,50079,2020,41875,19.59164179104478,117,2020.0
2021.0,宁德,31510000.0,100034.0,356.0,宁德,2022,49204,2021,50079,-1.7472393618083393,117,2021.0
2019.0,宁波,119850000.0,143157.0,608.0,宁波,2020,119330,2019,119068,0.2200423287533226,83,2019.0
2020.0,宁波,124090000.0,132614.0,613.0,宁波,2021,122068,2020,119330,2.294477499371484,83,2020.0
2021.0,宁波,145950000.0,153922.0,618.0,宁波,2022,142579,2021,122068,16.80292951469673,83,2021.0
2019.0,安庆,23810000.0,50574.0,529.0,安庆,2020,48302,2019,47744,1.1687332439678233,100,2019.0
2020.0,安庆,24680000.0,58684.0,527.5,安庆,2021,46676,2020,48302,-3.366320235186948,100,2020.0
2021.0,安庆,26570000.0,63707.0,526.0,安庆,2022,59207,2021,46676,26.846773502442375,100,2021.0
2019.0,安康,11820000.0,44241.0,304.0,安康,2020,33161,2019,28867,14.875116915509068,273,2019.0
2020.0,安康,10890000.0,43378.0,303.0,安康,2021,35813,2020,33161,7.99734628026898,273,2020.0
2021.0,安康,12090000.0,48687.0,302.0,安康,2022,31821,2021,35813,-11.146790271689056,273,2021.0
2019.0,安阳,22290000.0,43003.0,629.0,安阳,2020,51719,2019,49606,4.259565375156238,149,2019.0
2020.0,安阳,23000000.0,42185.0,630.0,安阳,2021,62714,2020,51719,21.25911173843269,149,2020.0
2021.0,安阳,24350000.0,44690.0,631.0,安阳,2022,112815,2021,62714,79.88806327135887,149,2021.0
2019.0,安顺,9240000.0,39177.0,307.0,安顺,2020,22270,2019,26564,-16.16473422677308,247,2019.0
2020.0,安顺,9670000.0,39161.0,307.0,安顺,2021,24400,2020,22270,9.56443646160754,247,2020.0
2021.0,安顺,10790000.0,43763.0,307.0,安顺,2022,32383,2021,24400,32.71721311475411,247,2021.0
2019.0,定西,4160000.0,14746.0,304.0,定西,2020,22670,2019,18366,23.434607426766863,284,2019.0
2020.0,定西,4410000.0,17430.0,303.5,定西,2021,22306,2020,22670,-1.605646228495805,284,2020.0
2021.0,定西,5010000.0,19915.0,303.0,定西,2022,23397,2021,22306,4.891060701156635,284,2021.0
2019.0,宜宾,26020000.0,57003.0,552.0,宜宾,2020,54748,2019,39603,38.242052369769965,237,2019.0
2020.0,宜宾,28020000.0,61182.0,551.0,宜宾,2021,55916,2020,54748,2.133411266164975,237,2020.0
2021.0,宜宾,31480000.0,68481.0,550.0,宜宾,2022,47905,2021,55916,-14.326847413978106,237,2021.0
2019.0,宜昌,44610000.0,107830.0,391.0,宜昌,2020,45156,2019,51962,-13.098033178091685,172,2019.0
2020.0,宜昌,42610000.0,104807.0,389.5,宜昌,2021,102938,2020,45156,127.96084684205864,172,2020.0
2021.0,宜昌,50230000.0,127091.0,388.0,宜昌,2022,119458,2021,102938,16.04849521070937,172,2021.0
2019.0,宜春,26880000.0,48182.0,604.0,宜春,2020,62456,2019,62261,0.3131976678819814,127,2019.0
2020.0,宜春,27900000.0,55452.0,602.0,宜春,2021,116670,2020,62456,86.80350967080825,127,2020.0
2021.0,宜春,31910000.0,63957.0,600.0,宜春,2022,120320,2021,116670,3.1284820433701954,127,2021.0
2019.0,宝鸡,22240000.0,59050.0,377.0,宝鸡,2020,34437,2019,37638,-8.504702694085765,269,2019.0
2020.0,宝鸡,22770000.0,67666.0,375.0,宝鸡,2021,37172,2020,34437,7.942039085866948,269,2020.0
2021.0,宝鸡,25490000.0,77210.0,373.0,宝鸡,2022,37688,2021,37172,1.3881416119659873,269,2021.0
2019.0,宣城,15610000.0,58819.0,279.0,宣城,2020,29551,2019,31886,-7.3229630558866,108,2019.0
2020.0,宣城,16070000.0,64301.0,277.5,宣城,2021,30351,2020,29551,2.7071841900443205,108,2020.0
2021.0,宣城,18340000.0,73548.0,276.0,宣城,2022,36812,2021,30351,21.287601726467,108,2021.0
2019.0,宿州,19790000.0,34773.0,658.0,宿州,2020,66810,2019,44062,51.627252507829866,104,2019.0
2020.0,宿州,20450000.0,38368.0,659.0,宿州,2021,53409,2020,66810,-20.058374494836105,104,2020.0
2021.0,宿州,21680000.0,40688.0,660.0,宿州,2022,77842,2021,53409,45.74697148420679,104,2021.0
2019.0,宿迁,30990000.0,62840.0,592.0,宿迁,2020,118325,2019,95698,23.64417229200193,72,2019.0
2020.0,宿迁,32620000.0,65503.0,591.5,宿迁,2021,104951,2020,118325,-11.30276780054933,72,2020.0
2021.0,宿迁,37190000.0,74476.0,591.0,宿迁,2022,65679,2021,104951,-37.41936713323361,72,2021.0
2019.0,山南,1870000.0,49550.0,36.0,山南,2020,5425,2019,8544,-36.50514981273408,262,2019.0
2020.0,山南,2150000.0,60676.0,36.0,山南,2021,6065,2020,5425,11.797235023041486,262,2020.0
2021.0,山南,2370000.0,66808.0,36.0,山南,2022,5424,2021,6065,-10.56883759274526,262,2021.0
2019.0,岳阳,37800000.0,65357.0,570.0,岳阳,2020,34546,2019,35124,-1.6455984512014576,179,2019.0
2020.0,岳阳,40020000.0,78868.0,566.0,岳阳,2021,41988,2020,34546,21.54229143750361,179,2020.0
2021.0,岳阳,44030000.0,87268.0,562.0,岳阳,2022,90151,2021,41988,114.70658283319044,179,2021.0
2019.0,崇左,7600000.0,36129.0,252.0,崇左,2020,24399,2019,20704,17.84679289026274,217,2019.0
2020.0,崇左,8090000.0,38732.0,251.5,崇左,2021,22498,2020,24399,-7.7913029222509085,217,2020.0
2021.0,崇左,9890000.0,47336.0,251.0,崇左,2022,27530,2021,22498,22.366432571784166,217,2021.0
2019.0,巴中,7540000.0,22716.0,366.0,巴中,2020,17931,2019,18176,-1.3479313380281743,239,2019.0
2020.0,巴中,7670000.0,27951.0,364.0,巴中,2021,20521,2020,17931,14.444258546651056,239,2020.0
2021.0,巴中,7430000.0,27510.0,362.0,巴中,2022,17485,2021,20521,-14.79460065298962,239,2021.0
2019.0,巴彦淖尔,8750000.0,51722.0,174.0,巴彦淖尔,2020,19793,2019,22039,-10.191025001134356,33,2019.0
2020.0,巴彦淖尔,8740000.0,56614.0,173.0,巴彦淖尔,2021,20943,2020,19793,5.810134896175412,33,2020.0
2021.0,巴彦淖尔,9830000.0,64144.0,172.0,巴彦淖尔,2022,18232,2021,20943,-12.944659313374396,33,2021.0
2019.0,常州,74010000.0,156390.0,385.0,常州,2020,114348,2019,90743,26.01302579813318,79,2019.0
2020.0,常州,78050000.0,147939.0,386.5,常州,2021,97021,2020,114348,-15.15286668765523,79,2020.0
2021.0,常州,88080000.0,165724.0,388.0,常州,2022,79064,2021,97021,-18.50836416858206,79,2021.0
2019.0,常德,36240000.0,62493.0,604.0,常德,2020,35534,2019,35799,-0.7402441408977944,177,2019.0
2020.0,常德,37500000.0,70496.0,598.0,常德,2021,36813,2020,35534,3.599369617830805,177,2020.0
2021.0,常德,40540000.0,77118.0,592.0,常德,2022,83994,2021,36813,128.16396381712983,177,2021.0
2019.0,平凉,4570000.0,21514.0,234.0,平凉,2020,17649,2019,15953,10.6312292358804,283,2019.0
2020.0,平凉,4760000.0,25623.0,233.0,平凉,2021,21519,2020,17649,21.927587965323813,283,2020.0
2021.0,平凉,5540000.0,30192.0,232.0,平凉,2022,16164,2021,21519,-24.884985361773317,283,2021.0
2019.0,平顶山,23730000.0,47201.0,570.0,平顶山,2020,44758,2019,46887,-4.54070424637959,148,2019.0
2020.0,平顶山,24560000.0,49379.0,570.0,平顶山,2021,51780,2020,44758,15.688815407301494,148,2020.0
2021.0,平顶山,26940000.0,54122.0,570.0,平顶山,2022,74354,2021,51780,43.59598300502123,148,2021.0
2019.0,广元,9420000.0,35262.0,299.0,广元,2020,20897,2019,19491,7.213585757529106,227,2019.0
2020.0,广元,10080000.0,43337.0,297.0,广元,2021,20463,2020,20897,-2.0768531368138943,227,2020.0
2021.0,广元,11160000.0,48638.0,295.0,广元,2022,19147,2021,20463,-6.431119581684019,227,2021.0
2019.0,广安,12500000.0,38522.0,459.0,广安,2020,22679,2019,22754,-0.3296123758460001,231,2019.0
2020.0,广安,13010000.0,40073.0,456.0,广安,2021,23234,2020,22679,2.447197848229643,231,2020.0
2021.0,广安,14180000.0,43558.0,453.0,广安,2022,23308,2021,23234,0.3184987518292104,231,2021.0
2019.0,广州,236290000.0,156427.0,954.0,广州,2020,398964,2019,331095,20.498346396049484,187,2019.0
2020.0,广州,250190000.0,135047.0,983.0,广州,2021,419141,2020,398964,5.057348532699701,187,2020.0
2021.0,广州,282320000.0,150366.0,1012.0,广州,2022,319601,2021,419141,-23.74857148310473,187,2021.0
2019.0,庆阳,7430000.0,32690.0,270.0,庆阳,2020,19045,2019,22937,-16.968217290840126,282,2019.0
2020.0,庆阳,7550000.0,34593.0,270.0,庆阳,2021,22216,2020,19045,16.650039380414803,282,2020.0
2021.0,庆阳,8850000.0,40810.0,270.0,庆阳,2022,19128,2021,22216,-13.899891969751533,282,2021.0
2019.0,廊坊,31960000.0,65512.0,483.0,廊坊,2020,91284,2019,74535,22.471322197625287,13,2019.0
2020.0,廊坊,33010000.0,60989.0,488.5,廊坊,2021,89111,2020,91284,-2.380482888567548,13,2020.0
2021.0,廊坊,35530000.0,64460.0,494.0,廊坊,2022,87969,2021,89111,-1.281547732603161,13,2021.0
2019.0,延安,16640000.0,73703.0,234.0,延安,2020,42251,2019,43708,-3.3334858607119933,265,2019.0
2020.0,延安,16010000.0,69934.0,233.5,延安,2021,39875,2020,42251,-5.623535537620416,265,2020.0
2021.0,延安,20050000.0,88127.0,233.0,延安,2022,29330,2021,39875,-26.445141065830725,265,2021.0
2019.0,开封,23640000.0,51733.0,561.0,开封,2020,46301,2019,51023,-9.254649863786923,146,2019.0
2020.0,开封,23720000.0,49166.0,563.0,开封,2021,57141,2020,46301,23.412021338632005,146,2020.0
2021.0,开封,25570000.0,53173.0,565.0,开封,2022,90540,2021,57141,58.45014962986297,146,2021.0
2019.0,张家口,15510000.0,35025.0,465.0,张家口,2020,53867,2019,51512,4.5717502717813385,10,2019.0
2020.0,张家口,16000000.0,38637.0,461.5,张家口,2021,47371,2020,53867,-12.059331316019083,10,2020.0
2021.0,张家口,17280000.0,42049.0,458.0,张家口,2022,43858,2021,47371,-7.415929577167468,10,2021.0
2019.0,张家界,5520000.0,35767.0,169.0,张家界,2020,12136,2019,13217,-8.178860558371792,176,2019.0
2020.0,张家界,5560000.0,36708.0,168.5,张家界,2021,18936,2020,12136,56.03164139749506,176,2020.0
2021.0,张家界,5800000.0,38333.0,168.0,张家界,2022,15440,2021,18936,-18.46218842416561,176,2021.0
2019.0,张掖,4490000.0,36314.0,131.0,张掖,2020,11884,2019,11975,-0.7599164926931135,280,2019.0
2020.0,张掖,4670000.0,41177.0,131.0,张掖,2021,14129,2020,11884,18.890945809491758,280,2020.0
2021.0,张掖,5260000.0,46726.0,131.0,张掖,2022,15375,2021,14129,8.81874159530045,280,2021.0
2019.0,徐州,71510000.0,81138.0,1042.0,徐州,2020,280963,2019,154312,82.07462802633626,70,2019.0
2020.0,徐州,73200000.0,80673.0,1038.5,徐州,2021,162203,2020,280963,-42.26891085303047,70,2020.0
2021.0,徐州,81170000.0,89634.0,1035.0,徐州,2022,121280,2021,162203,-25.22949637183036,70,2021.0
2019.0,德州,30220000.0,52295.0,599.0,德州,2020,93426,2019,65747,42.09925928179232,132,2019.0
2020.0,德州,30790000.0,54872.0,597.5,德州,2021,76589,2020,93426,-18.02174983409329,132,2020.0
2021.0,德州,34890000.0,62223.0,596.0,德州,2022,69376,2021,76589,-9.417801511966474,132,2021.0
2019.0,德阳,23360000.0,65745.0,384.0,德阳,2020,31370,2019,27203,15.318163437856125,229,2019.0
2020.0,德阳,24040000.0,69443.0,382.5,德阳,2021,29390,2020,31370,-6.311762830729995,229,2020.0
2021.0,德阳,26570000.0,76824.0,381.0,德阳,2022,26756,2021,29390,-8.962232051718267,229,2021.0
2019.0,忻州,10020000.0,31573.0,307.0,忻州,2020,27885,2019,28520,-2.226507713884996,23,2019.0
2020.0,忻州,10350000.0,35294.0,306.0,忻州,2021,27606,2020,27885,-1.0005379236148415,23,2020.0
2021.0,忻州,13440000.0,50290.0,305.0,忻州,2022,62845,2021,27606,127.64978627834526,23,2021.0
2019.0,怀化,16170000.0,32453.0,524.0,怀化,2020,32756,2019,31579,3.727160454732581,185,2019.0
2020.0,怀化,16720000.0,36365.0,521.5,怀化,2021,30844,2020,32756,-5.837098546831109,185,2020.0
2021.0,怀化,18180000.0,39767.0,519.0,怀化,2022,63694,2021,30844,106.50369601867462,185,2021.0
2019.0,惠州,41770000.0,86043.0,390.0,惠州,2020,74138,2019,80208,-7.567823658487926,197,2019.0
2020.0,惠州,42210000.0,70191.0,398.0,惠州,2021,86572,2020,74138,16.771426259138366,197,2020.0
2021.0,惠州,49770000.0,82113.0,406.0,惠州,2022,100928,2021,86572,16.58272882687244,197,2021.0
2019.0,成都,170130000.0,103386.0,1500.0,成都,2020,358489,2019,341747,4.89894571130105,226,2019.0
2020.0,成都,177170000.0,85679.0,1528.0,成都,2021,437001,2020,358489,21.900811461439535,226,2020.0
2021.0,成都,199170000.0,94622.0,1556.0,成都,2022,431922,2021,437001,-1.162239903341178,226,2021.0
2019.0,扬州,58500000.0,128856.0,457.0,扬州,2020,114747,2019,66526,72.484442172985,75,2019.0
2020.0,扬州,60480000.0,132784.0,454.5,扬州,2021,65237,2020,114747,-43.1470975276042,75,2020.0
2021.0,扬州,66960000.0,146562.0,452.0,扬州,2022,74971,2021,65237,14.920980425218811,75,2021.0
2019.0,承德,14710000.0,41080.0,383.0,承德,2020,37214,2019,42256,-11.932033320711854,11,2019.0
2020.0,承德,15500000.0,46119.0,381.0,承德,2021,37528,2020,37214,0.8437684742301332,11,2020.0
2021.0,承德,16970000.0,50749.0,379.0,承德,2022,39596,2021,37528,5.510552121082935,11,2021.0
2019.0,抚州,15110000.0,37272.0,433.0,抚州,2020,38623,2019,41091,-6.00618140225353,126,2019.0
2020.0,抚州,15730000.0,43305.0,432.0,抚州,2021,42299,2020,38623,9.517644926598145,126,2020.0
2021.0,抚州,17950000.0,49885.0,431.0,抚州,2022,58745,2021,42299,38.880351781366,126,2021.0
2019.0,抚顺,8470000.0,41382.0,207.0,抚顺,2020,21703,2019,20697,4.860607817558105,38,2019.0
2020.0,抚顺,8280000.0,44137.0,204.0,抚顺,2021,22136,2020,21703,1.995115882596865,38,2020.0
2021.0,抚顺,8700000.0,47338.0,201.0,抚顺,2022,19843,2021,22136,-10.358691723888692,38,2021.0
2019.0,拉萨,6180000.0,86750.0,56.0,拉萨,2020,17289,2019,17272,0.0984251968503935,258,2019.0
2020.0,拉萨,6780000.0,79391.0,57.0,拉萨,2021,20906,2020,17289,20.920816704262823,258,2020.0
2021.0,拉萨,7420000.0,85210.0,58.0,拉萨,2022,14280,2021,20906,-31.694250454414995,258,2021.0
2019.0,揭阳,21020000.0,34471.0,707.0,揭阳,2020,26699,2019,26130,2.177573670110977,195,2019.0
2020.0,揭阳,21020000.0,37495.0,710.0,揭阳,2021,29552,2020,26699,10.685793475411051,195,2020.0
2021.0,揭阳,22650000.0,40470.0,713.0,揭阳,2022,40116,2021,29552,35.7471575527883,195,2021.0
2019.0,攀枝花,10100000.0,82460.0,108.0,攀枝花,2020,14003,2019,14868,-5.817863868711326,238,2019.0
2020.0,攀枝花,10410000.0,85806.0,108.0,攀枝花,2021,14713,2020,14003,5.070342069556522,238,2020.0
2021.0,攀枝花,11340000.0,93406.0,108.0,攀枝花,2022,12135,2021,14713,-17.52191939101475,238,2021.0
2019.0,新乡,29180000.0,50277.0,664.0,新乡,2020,11251,2019,11815,-4.773592890393563,151,2019.0
2020.0,新乡,30140000.0,48229.0,666.0,新乡,2021,13708,2020,11251,21.838058839214305,151,2020.0
2021.0,新乡,32330000.0,52028.0,668.0,新乡,2022,17296,2021,13708,26.174496644295296,151,2021.0
2019.0,新余,9720000.0,81641.0,125.0,新余,2020,13550,2019,15355,-11.755128622598498,122,2019.0
2020.0,新余,10010000.0,83583.0,125.0,新余,2021,15093,2020,13550,11.387453874538744,122,2020.0
2021.0,新余,11550000.0,96025.0,125.0,新余,2022,18825,2021,15093,24.72669449413636,122,2021.0
2019.0,无锡,118520000.0,180044.0,503.0,无锡,2020,221603,2019,119069,86.11309408830175,80,2019.0
2020.0,无锡,123700000.0,165851.0,509.0,无锡,2021,127724,2020,221603,-42.3635961607018,80,2020.0
2021.0,无锡,140030000.0,187415.0,515.0,无锡,2022,96236,2021,127724,-24.653158372741224,80,2021.0
2019.0,日喀则,2790000.0,35249.0,81.0,日喀则,2020,12348,2019,21192,-41.73272933182333,259,2019.0
2020.0,日喀则,3220000.0,36807.0,81.5,日喀则,2021,12210,2020,12348,-1.1175898931001016,259,2020.0
2021.0,日喀则,3480000.0,43495.0,82.0,日喀则,2022,9613,2021,12210,-21.269451269451267,259,2021.0
2019.0,日照,19490000.0,66313.0,308.0,日照,2020,51334,2019,51612,-0.5386344261024578,138,2019.0
2020.0,日照,20060000.0,67593.0,309.0,日照,2021,61601,2020,51334,20.000389605329797,138,2020.0
2021.0,日照,22120000.0,74434.0,310.0,日照,2022,44017,2021,61601,-28.544991152741023,138,2021.0
2019.0,昆明,64760000.0,93853.0,578.0,昆明,2020,98477,2019,95177,3.4672242243399154,250,2019.0
2020.0,昆明,67340000.0,80584.0,583.5,昆明,2021,130749,2020,98477,32.77110391258873,250,2020.0
2021.0,昆明,72230000.0,85146.0,589.0,昆明,2022,212549,2021,130749,62.56261998179718,250,2021.0
2019.0,昌都,2210000.0,27844.0,78.0,昌都,2020,7124,2019,7657,-6.960950764006791,260,2019.0
2020.0,昌都,2530000.0,33233.0,78.5,昌都,2021,7913,2020,7124,11.075238629983165,260,2020.0
2021.0,昌都,2790000.0,36634.0,79.0,昌都,2022,7174,2021,7913,-9.339062302540125,260,2021.0
2019.0,昭通,11940000.0,21255.0,629.0,昭通,2020,44930,2019,38572,16.48345950430363,254,2019.0
2020.0,昭通,12890000.0,25255.0,630.5,昭通,2021,51614,2020,44930,14.876474515913651,254,2020.0
2021.0,昭通,14620000.0,28932.0,632.0,昭通,2022,59978,2021,51614,16.20490564575503,254,2021.0
2019.0,晋中,14600000.0,43125.0,335.0,晋中,2020,37761,2019,41862,-9.796474129281927,21,2019.0
2020.0,晋中,14690000.0,43546.0,335.0,晋中,2021,38756,2020,37761,2.634993776647865,21,2020.0
2021.0,晋中,18440000.0,54456.0,335.0,晋中,2022,96626,2021,38756,149.3188151512024,21,2021.0
2019.0,晋城,13550000.0,57714.0,222.0,晋城,2020,23404,2019,23649,-1.0359846082286794,19,2019.0
2020.0,晋城,14260000.0,64966.0,222.0,晋城,2021,22901,2020,23404,-2.14920526405743,19,2020.0
2021.0,晋城,19120000.0,87265.0,222.0,晋城,2022,67020,2021,22901,192.65097593991527,19,2021.0
2019.0,普洱,8750000.0,33097.0,254.0,普洱,2020,29693,2019,26163,13.49233650575239,255,2019.0
2020.0,普洱,9450000.0,39172.0,254.0,普洱,2021,34639,2020,29693,16.657124574815608,255,2020.0
2021.0,普洱,10290000.0,43007.0,254.0,普洱,2022,44470,2021,34639,28.38130431017061,255,2021.0
2019.0,景德镇,9260000.0,55228.0,171.0,景德镇,2020,23627,2019,26091,-9.443869533555638,120,2019.0
2020.0,景德镇,9570000.0,59134.0,171.0,景德镇,2021,28681,2020,23627,21.390781732763365,120,2020.0
2021.0,景德镇,11020000.0,59041.0,171.0,景德镇,2022,31561,2021,28681,10.041490882465752,120,2021.0
2019.0,曲靖,26380000.0,42774.0,667.0,曲靖,2020,39579,2019,37034,6.872063509207749,251,2019.0
2020.0,曲靖,29590000.0,51245.0,669.5,曲靖,2021,70200,2020,39579,77.36678541650876,251,2020.0
2021.0,曲靖,33940000.0,59194.0,672.0,曲靖,2022,105144,2021,70200,49.777777777777786,251,2021.0
2019.0,朔州,10620000.0,59552.0,164.0,朔州,2020,17327,2019,17858,-2.9734572740508503,20,2019.0
2020.0,朔州,11000000.0,68889.0,163.0,朔州,2021,16583,2020,17327,-4.293876608760893,20,2020.0
2021.0,朔州,14210000.0,89299.0,162.0,朔州,2022,41934,2021,16583,152.8734245914491,20,2021.0
2019.0,朝阳,8430000.0,28761.0,335.0,朝阳,2020,31769,2019,36674,-13.374597807711186,47,2019.0
2020.0,朝阳,8760000.0,30371.0,331.5,朝阳,2021,31172,2020,31769,-1.8791904057414488,47,2020.0
2021.0,朝阳,9450000.0,33086.0,328.0,朝阳,2022,27635,2021,31172,-11.346721416655967,47,2021.0
2019.0,本溪,7810000.0,46673.0,145.0,本溪,2020,13550,2019,13838,-2.081225610637372,39,2019.0
2020.0,本溪,8100000.0,60210.0,143.0,本溪,2021,14341,2020,13550,5.837638376383758,39,2020.0
2021.0,本溪,8940000.0,68340.0,141.0,本溪,2022,13101,2021,14341,-8.64653789833345,39,2021.0
2019.0,来宾,6540000.0,29215.0,270.0,来宾,2020,20781,2019,17612,17.993413581648877,220,2019.0
2020.0,来宾,7060000.0,33939.0,269.5,来宾,2021,20664,2020,20781,-0.5630142919012537,220,2020.0
2021.0,来宾,8330000.0,40091.0,269.0,来宾,2022,23828,2021,20664,15.311653116531154,220,2021.0
2019.0,杭州,153730000.0,152465.0,795.0,杭州,2020,162320,2019,177833,-8.723352808533846,82,2019.0
2020.0,杭州,161060000.0,136617.0,815.0,杭州,2021,182811,2020,162320,12.62382947264662,82,2020.0
2021.0,杭州,181090000.0,149857.0,835.0,杭州,2022,222462,2021,182811,21.68961386349837,82,2021.0
2019.0,松原,7300000.0,26559.0,275.0,松原,2020,24175,2019,26034,-7.140662210954907,55,2019.0
2020.0,松原,7530000.0,27487.0,273.5,松原,2021,34707,2020,24175,43.56566701137539,55,2020.0
2021.0,松原,8180000.0,36877.0,272.0,松原,2022,25766,2021,34707,-25.761373786267903,55,2021.0
2019.0,林芝,1720000.0,73224.0,20.0,林芝,2020,5327,2019,5287,0.7565727255532506,261,2019.0
2020.0,林芝,1910000.0,80220.0,20.5,林芝,2021,6513,2020,5327,22.263938426881925,261,2020.0
2021.0,林芝,2090000.0,87215.0,21.0,林芝,2022,5259,2021,6513,-19.25380009212344,261,2021.0
2019.0,枣庄,16940000.0,43100.0,424.0,枣庄,2020,47173,2019,54832,-13.968120805369132,140,2019.0
2020.0,枣庄,17330000.0,44954.0,425.0,枣庄,2021,47705,2020,47173,1.1277637631696091,140,2020.0
2021.0,枣庄,19520000.0,50613.0,426.0,枣庄,2022,42678,2021,47705,-10.53767948852321,140,2021.0
2019.0,柳州,31280000.0,77056.0,394.0,柳州,2020,43622,2019,40668,7.263696272253362,210,2019.0
2020.0,柳州,31770000.0,77148.0,395.5,柳州,2021,38692,2020,43622,-11.301636788776303,210,2020.0
2021.0,柳州,30570000.0,73328.0,397.0,柳州,2022,53398,2021,38692,38.0078569213274,210,2021.0
2019.0,株洲,30030000.0,74618.0,402.0,株洲,2020,35016,2019,32192,8.772365805168981,180,2019.0
2020.0,株洲,31060000.0,79581.0,399.5,株洲,2021,35015,2020,35016,-0.0028558373315057,180,2020.0
2021.0,株洲,34200000.0,87852.0,397.0,株洲,2022,85311,2021,35015,143.6412965871769,180,2021.0
2019.0,桂林,21060000.0,41294.0,541.0,桂林,2020,65393,2019,52945,23.511190858438,209,2019.0
2020.0,桂林,21300000.0,42424.0,541.5,桂林,2021,56293,2020,65393,-13.915862554096003,209,2020.0
2021.0,桂林,23110000.0,46767.0,542.0,桂林,2022,60803,2021,56293,8.011653313911138,209,2021.0
2019.0,梅州,11870000.0,27096.0,546.0,梅州,2020,38417,2019,34508,11.32780804451141,192,2019.0
2020.0,梅州,12080000.0,31011.0,544.0,梅州,2021,34200,2020,38417,-10.97691126324284,192,2020.0
2021.0,梅州,13080000.0,33764.0,542.0,梅州,2022,39259,2021,34200,14.792397660818724,192,2021.0
2019.0,梧州,9910000.0,32303.0,353.0,梧州,2020,27022,2019,24401,10.741363058891018,211,2019.0
2020.0,梧州,10810000.0,38214.0,354.0,梧州,2021,26871,2020,27022,-0.5588039375323817,211,2020.0
2021.0,梧州,13690000.0,48463.0,355.0,梧州,2022,34141,2021,26871,27.055189609616328,211,2021.0
2019.0,榆林,41360000.0,120908.0,385.0,榆林,2020,38541,2019,42853,-10.062306022915546,271,2019.0
2020.0,榆林,40900000.0,112974.0,385.5,榆林,2021,44498,2020,38541,15.456267351651489,271,2020.0
2021.0,榆林,54350000.0,149899.0,386.0,榆林,2022,38559,2021,44498,-13.346667265944534,271,2021.0
2019.0,武威,4880000.0,26744.0,189.0,武威,2020,16238,2019,14021,15.811996291277364,281,2019.0
2020.0,武威,5260000.0,35571.0,188.0,武威,2021,14968,2020,16238,-7.821160241409042,281,2020.0
2021.0,武威,6000000.0,41361.0,187.0,武威,2022,13109,2021,14968,-12.419828968466062,281,2021.0
2019.0,武汉,162230000.0,145545.0,906.0,武汉,2020,134606,2019,162775,-17.305483028720626,162,2019.0
2020.0,武汉,156160000.0,131441.0,920.0,武汉,2021,223060,2020,134606,65.71326686774735,162,2020.0
2021.0,武汉,177170000.0,135251.0,934.0,武汉,2022,300373,2021,223060,34.6601811171882,162,2021.0
2019.0,毕节,19010000.0,28378.0,938.0,毕节,2020,50940,2019,61521,-17.199005217730534,248,2019.0
2020.0,毕节,20200000.0,29295.0,946.5,毕节,2021,46735,2020,50940,-8.254809579897914,248,2020.0
2021.0,毕节,21810000.0,31736.0,955.0,毕节,2022,56875,2021,46735,21.69680111265646,248,2021.0
2019.0,永州,20170000.0,37013.0,644.0,永州,2020,39496,2019,37501,5.319858137116351,183,2019.0
2020.0,永州,21080000.0,38013.0,639.5,永州,2021,40995,2020,39496,3.795321045169131,183,2020.0
2021.0,永州,22610000.0,43122.0,635.0,永州,2022,85925,2021,40995,109.59873155262838,183,2021.0
2019.0,汉中,15480000.0,45033.0,381.0,汉中,2020,29306,2019,29696,-1.3133081896551713,270,2019.0
2020.0,汉中,15930000.0,49179.0,380.5,汉中,2021,33494,2020,29306,14.290588957892592,270,2020.0
2021.0,汉中,17690000.0,55279.0,380.0,汉中,2022,36252,2021,33494,8.234310622798112,270,2021.0
2019.0,汕头,26940000.0,47669.0,572.0,汕头,2020,31644,2019,32680,-3.1701346389228835,194,2019.0
2020.0,汕头,27310000.0,49661.0,575.0,汕头,2021,34599,2020,31644,9.338263177853625,194,2020.0
2021.0,汕头,29300000.0,53106.0,578.0,汕头,2022,39326,2021,34599,13.662244573542592,194,2021.0
2019.0,汕尾,10800000.0,35958.0,357.0,汕尾,2020,18976,2019,18903,0.3861820874993427,196,2019.0
2020.0,汕尾,11240000.0,41950.0,356.5,汕尾,2021,24974,2020,18976,31.608347386172,196,2020.0
2021.0,汕尾,12880000.0,48095.0,356.0,汕尾,2022,32310,2021,24974,29.374549531512773,196,2021.0
2019.0,江门,31470000.0,68194.0,400.0,江门,2020,44198,2019,41870,5.560066873656555,201,2019.0
2020.0,江门,32010000.0,66984.0,401.5,江门,2021,46253,2020,44198,4.649531653015981,201,2020.0
2021.0,江门,36010000.0,74722.0,403.0,江门,2022,46554,2021,46253,0.650768598793583,201,2021.0
2019.0,池州,8320000.0,56217.0,162.0,池州,2020,15360,2019,15444,-0.543900543900544,107,2019.0
2020.0,池州,8690000.0,64843.0,161.5,池州,2021,14812,2020,15360,-3.5677083333333304,107,2020.0
2021.0,池州,10040000.0,75191.0,161.0,池州,2022,16190,2021,14812,9.303267620847963,107,2021.0
2019.0,沈阳,64700000.0,77777.0,756.0,沈阳,2020,103712,2019,110837,-6.428358761063546,35,2019.0
2020.0,沈阳,65720000.0,75570.0,760.5,沈阳,2021,124871,2020,103712,20.40168929342796,35,2020.0
2021.0,沈阳,72490000.0,79706.0,765.0,沈阳,2022,112003,2021,124871,-10.305034795909371,35,2021.0
2019.0,沧州,35880000.0,47663.0,787.0,沧州,2020,88363,2019,91510,-3.438968418752053,12,2019.0
2020.0,沧州,37000000.0,50713.0,784.0,沧州,2021,95985,2020,88363,8.62578228444033,12,2020.0
2021.0,沧州,41630000.0,57009.0,781.0,沧州,2022,87990,2021,95985,-8.329426472886393,12,2021.0
2019.0,河池,8780000.0,24703.0,434.0,河池,2020,35869,2019,27031,32.69579371832341,219,2019.0
2020.0,河池,9280000.0,27119.0,433.5,河池,2021,27741,2020,35869,-22.660235858262013,219,2020.0
2021.0,河池,10420000.0,30461.0,433.0,河池,2022,35374,2021,27741,27.515230164738117,219,2021.0
2019.0,河源,10800000.0,34842.0,373.0,河源,2020,29227,2019,29025,0.695951765719216,191,2019.0
2020.0,河源,11030000.0,38802.0,372.5,河源,2021,27550,2020,29227,-5.737845143189513,191,2020.0
2021.0,河源,12740000.0,44886.0,372.0,河源,2022,26699,2021,27550,-3.0889292196007223,191,2021.0
2019.0,泉州,99470000.0,114067.0,761.0,泉州,2020,140645,2019,136295,3.1916064419091006,114,2019.0
2020.0,泉州,101590000.0,115768.0,766.0,泉州,2021,122916,2020,140645,-12.605496107220304,114,2020.0
2021.0,泉州,113040000.0,128165.0,771.0,泉州,2022,113888,2021,122916,-7.344853395815032,114,2021.0
2019.0,泰安,26640000.0,47248.0,573.0,泰安,2020,55196,2019,59225,-6.802870409455464,142,2019.0
2020.0,泰安,27660000.0,50555.0,571.0,泰安,2021,62575,2020,55196,13.368722371186315,142,2020.0
2021.0,泰安,29970000.0,54917.0,569.0,泰安,2022,56950,2021,62575,-8.98921294446664,142,2021.0
2019.0,泰州,51330000.0,110731.0,501.0,泰州,2020,200012,2019,82130,143.53098745890662,76,2019.0
2020.0,泰州,53130000.0,117542.0,497.0,泰州,2021,80102,2020,200012,-59.95140291582506,76,2020.0
2021.0,泰州,60250000.0,133323.0,493.0,泰州,2022,53896,2021,80102,-32.71578737110185,76,2021.0
2019.0,泸州,20810000.0,48105.0,509.0,泸州,2020,31806,2019,29851,6.549194331848174,236,2019.0
2020.0,泸州,21570000.0,50758.0,508.0,泸州,2021,47551,2020,31806,49.50323838269508,236,2020.0
2021.0,泸州,24060000.0,56507.0,507.0,泸州,2022,40970,2021,47551,-13.83987718449664,236,2021.0
2019.0,洛阳,50350000.0,72912.0,745.0,洛阳,2020,75684,2019,72306,4.671811467927967,147,2019.0
2020.0,洛阳,51280000.0,72872.0,748.5,洛阳,2021,91042,2020,75684,20.29226785053644,147,2020.0
2021.0,洛阳,54470000.0,77110.0,752.0,洛阳,2022,107383,2021,91042,17.94885876848049,147,2021.0
2019.0,济南,94430000.0,106416.0,797.0,济南,2020,182737,2019,206388,-11.459484078531702,129,2019.0
2020.0,济南,101410000.0,110199.0,807.0,济南,2021,175023,2020,182737,-4.221367320247127,129,2020.0
2021.0,济南,114320000.0,123075.0,817.0,济南,2022,151074,2021,175023,-13.683344474726178,129,2021.0
2019.0,济宁,43700000.0,52331.0,894.0,济宁,2020,104492,2019,107901,-3.15937757759428,141,2019.0
2020.0,济宁,44940000.0,53773.0,894.5,济宁,2021,106985,2020,104492,2.385828580178395,141,2020.0
2021.0,济宁,50700000.0,60728.0,895.0,济宁,2022,97703,2021,106985,-8.675982614385191,141,2021.0
2019.0,海东,4970000.0,32806.0,173.0,海东,2020,13566,2019,12535,8.22497008376546,287,2019.0
2020.0,海东,5140000.0,36091.0,173.0,海东,2021,12912,2020,13566,-4.820875718708539,287,2020.0
2021.0,海东,5550000.0,40828.0,173.0,海东,2022,8776,2021,12912,-32.03221809169765,287,2021.0
2019.0,海口,16720000.0,72218.0,183.0,海口,2020,77917,2019,64061,21.62938449290519,222,2019.0
2020.0,海口,17920000.0,63309.0,199.5,海口,2021,121403,2020,77917,55.810670328683074,222,2020.0
2021.0,海口,20570000.0,70999.0,216.0,海口,2022,210605,2021,121403,73.47594375756776,222,2021.0
2019.0,淄博,36420000.0,77510.0,434.0,淄博,2020,68950,2019,69116,-0.2401759361074118,134,2019.0
2020.0,淄博,36730000.0,78092.0,434.0,淄博,2021,68498,2020,68950,-0.6555474981870923,134,2020.0
2021.0,淄博,42010000.0,89238.0,434.0,淄博,2022,61243,2021,68498,-10.591550118251623,134,2021.0
2019.0,淮北,10780000.0,47654.0,219.0,淮北,2020,20966,2019,22189,-5.511740051376812,98,2019.0
2020.0,淮北,11190000.0,56661.0,219.0,淮北,2021,22174,2020,20966,5.7617094343222375,98,2020.0
2021.0,淮北,12230000.0,62019.0,219.0,淮北,2022,26238,2021,22174,18.327771263642116,98,2021.0
2019.0,淮南,12960000.0,37140.0,391.0,淮南,2020,27108,2019,28317,-4.2695200762792656,96,2019.0
2020.0,淮南,13370000.0,43557.0,390.5,淮南,2021,28289,2020,27108,4.3566474841375324,96,2020.0
2021.0,淮南,14570000.0,48008.0,390.0,淮南,2022,36715,2021,28289,29.78542896532221,96,2021.0
2019.0,淮安,38710000.0,78543.0,560.0,淮安,2020,81553,2019,73813,10.485957758118492,73,2019.0
2020.0,淮安,40250000.0,87507.0,557.5,淮安,2021,74537,2020,81553,-8.602994371758243,73,2020.0
2021.0,淮安,45500000.0,99768.0,555.0,淮安,2022,61186,2021,74537,-17.911909521445722,73,2021.0
2019.0,深圳,269270000.0,203489.0,551.0,深圳,2020,417599,2019,400408,4.2933707618229455,188,2019.0
2020.0,深圳,276700000.0,159309.0,591.0,深圳,2021,363144,2020,417599,-13.040021647561415,188,2020.0
2021.0,深圳,306650000.0,173663.0,631.0,深圳,2022,325124,2021,363144,-10.469675941224422,188,2021.0
2019.0,清远,16980000.0,43770.0,446.0,清远,2020,35575,2019,31556,12.73608822410952,189,2019.0
2020.0,清远,17770000.0,44828.0,449.0,清远,2021,37500,2020,35575,5.411103302881237,189,2020.0
2021.0,清远,20070000.0,50459.0,452.0,清远,2022,35393,2021,37500,-5.618666666666671,189,2021.0
2019.0,温州,66060000.0,71225.0,832.0,温州,2020,128190,2019,103145,24.28135149546755,91,2019.0
2020.0,温州,68710000.0,71766.0,832.5,温州,2021,134482,2020,128190,4.908339184023713,91,2020.0
2021.0,温州,75850000.0,78879.0,833.0,温州,2022,156388,2021,134482,16.289168810695863,91,2021.0
2019.0,渭南,18280000.0,34481.0,543.0,渭南,2020,37390,2019,42711,-12.458148954601857,267,2019.0
2020.0,渭南,18660000.0,39207.0,540.5,渭南,2021,41220,2020,37390,10.243380583043592,267,2020.0
2021.0,渭南,20870000.0,44785.0,538.0,渭南,2022,32951,2021,41220,-20.06065016982047,267,2021.0
2019.0,湖州,31220000.0,102593.0,268.0,湖州,2020,62833,2019,47171,33.20260329439697,84,2019.0
2020.0,湖州,32010000.0,95579.0,268.5,湖州,2021,59095,2020,62833,-5.949103178266202,84,2020.0
2021.0,湖州,36450000.0,107534.0,269.0,湖州,2022,74149,2021,59095,25.474236399018537,84,2021.0
2019.0,湘潭,22580000.0,78575.0,289.0,湘潭,2020,18521,2019,20010,-7.441279360319841,181,2019.0
2020.0,湘潭,23430000.0,85911.0,285.5,湘潭,2021,28269,2020,18521,52.63214729226284,181,2020.0
2021.0,湘潭,25480000.0,93793.0,282.0,湘潭,2022,45364,2021,28269,60.47260249743536,181,2021.0
2019.0,湛江,30650000.0,41720.0,854.0,湛江,2020,40226,2019,39056,2.9956984842277823,207,2019.0
2020.0,湛江,31000000.0,44408.0,860.0,湛江,2021,41333,2020,40226,2.7519514741709328,207,2020.0
2021.0,湛江,35600000.0,50814.0,866.0,湛江,2022,66942,2021,41333,61.957757723852616,207,2021.0
2019.0,滁州,29090000.0,70429.0,455.0,滁州,2020,45176,2019,45388,-0.467083810698865,102,2019.0
2020.0,滁州,30320000.0,76087.0,454.5,滁州,2021,48796,2020,45176,8.013104303169815,102,2020.0
2021.0,滁州,33620000.0,84263.0,454.0,滁州,2022,84903,2021,48796,73.99581932945323,102,2021.0
2019.0,滨州,24570000.0,62639.0,398.0,滨州,2020,62157,2019,60931,2.012112061183968,143,2019.0
2020.0,滨州,25080000.0,63915.0,397.5,滨州,2021,57168,2020,62157,-8.026449152951399,143,2020.0
2021.0,滨州,28720000.0,73078.0,397.0,滨州,2022,58906,2021,57168,3.040162328575424,143,2021.0
2019.0,漯河,15780000.0,59190.0,268.0,漯河,2020,33016,2019,36495,-9.532812714070417,155,2019.0
2020.0,漯河,15740000.0,66239.0,267.0,漯河,2021,35314,2020,33016,6.960261691301195,155,2020.0
2021.0,漯河,17210000.0,72560.0,266.0,漯河,2022,44811,2021,35314,26.893016933793955,155,2021.0
2019.0,漳州,47420000.0,92075.0,522.0,漳州,2020,61890,2019,55042,12.441408379055986,115,2019.0
2020.0,漳州,45460000.0,89005.0,524.0,漳州,2021,61248,2020,61890,-1.0373242850218125,115,2020.0
2021.0,漳州,50250000.0,99218.0,526.0,漳州,2022,69723,2021,61248,13.837186520376177,115,2021.0
2019.0,潍坊,56890000.0,60760.0,918.0,潍坊,2020,125563,2019,132193,-5.01539415854092,135,2019.0
2020.0,潍坊,58720000.0,62524.0,919.0,潍坊,2021,167549,2020,125563,33.43819437254605,135,2020.0
2021.0,潍坊,70110000.0,74606.0,920.0,潍坊,2022,212927,2021,167549,27.08342037254774,135,2021.0
2019.0,潮州,10810000.0,40664.0,276.0,潮州,2020,15449,2019,13146,17.518636847710333,193,2019.0
2020.0,潮州,10970000.0,42605.0,275.5,潮州,2021,24772,2020,15449,60.34694802252574,193,2020.0
2021.0,潮州,12450000.0,48427.0,275.0,潮州,2022,25650,2021,24772,3.5443242370418293,193,2021.0
2019.0,濮阳,15810000.0,43810.0,434.0,濮阳,2020,38898,2019,34171,13.833367475344582,153,2019.0
2020.0,濮阳,16500000.0,43908.0,434.5,濮阳,2021,48475,2020,38898,24.62080312612473,153,2020.0
2021.0,濮阳,17720000.0,47131.0,435.0,濮阳,2022,66501,2021,48475,37.18617844249614,153,2021.0
2019.0,烟台,76530000.0,107343.0,653.0,烟台,2020,96675,2019,109987,-12.103248565739587,136,2019.0
2020.0,烟台,78160000.0,110058.0,651.0,烟台,2021,98121,2020,96675,1.4957331264546123,136,2020.0
2021.0,烟台,87120000.0,122818.0,649.0,烟台,2022,87825,2021,98121,-10.493166600421931,136,2021.0
2019.0,焦作,27610000.0,76827.0,373.0,焦作,2020,36573,2019,40255,-9.146689852192267,152,2019.0
2020.0,焦作,21240000.0,60384.0,372.5,焦作,2021,42971,2020,36573,17.49377956415936,152,2020.0
2021.0,焦作,21370000.0,60643.0,372.0,焦作,2022,70884,2021,42971,64.95776221172417,152,2021.0
2019.0,牡丹江,8250000.0,32811.0,250.0,牡丹江,2020,27104,2019,27336,-0.8486976880304309,67,2019.0
2020.0,牡丹江,8320000.0,33428.0,247.0,牡丹江,2021,33973,2020,27104,25.343122786304598,67,2020.0
2021.0,牡丹江,8750000.0,38719.0,244.0,牡丹江,2022,32032,2021,33973,-5.71336060989609,67,2021.0
2019.0,玉林,16800000.0,28647.0,737.0,玉林,2020,41750,2019,39372,6.039825256527487,213,2019.0
2020.0,玉林,17610000.0,30397.0,740.0,玉林,2021,38719,2020,41750,-7.259880239520955,213,2020.0
2021.0,玉林,20710000.0,35639.0,743.0,玉林,2022,62745,2021,38719,62.05222242309978,213,2021.0
2019.0,玉溪,19500000.0,81667.0,221.0,玉溪,2020,30547,2019,26545,15.0762855528348,252,2019.0
2020.0,玉溪,20580000.0,91290.0,221.5,玉溪,2021,32312,2020,30547,5.777981471175564,252,2020.0
2021.0,玉溪,23520000.0,104780.0,222.0,玉溪,2022,51424,2021,32312,59.14830403565239,252,2021.0
2019.0,珠海,34360000.0,175533.0,133.0,珠海,2020,29457,2019,34015,-13.399970601205348,199,2019.0
2020.0,珠海,34820000.0,145645.0,140.5,珠海,2021,32796,2020,29457,11.33516651390163,199,2020.0
2021.0,珠海,38820000.0,157914.0,148.0,珠海,2022,38390,2021,32796,17.056958165629954,199,2021.0
2019.0,白城,4920000.0,25980.0,189.0,白城,2020,17300,2019,18230,-5.101481075150849,56,2019.0
2020.0,白城,5100000.0,27230.0,187.0,白城,2021,20976,2020,17300,21.248554913294804,56,2020.0
2021.0,白城,5490000.0,35996.0,185.0,白城,2022,15974,2021,20976,-23.846300533943555,56,2021.0
2019.0,白山,5090000.0,43744.0,117.0,白山,2020,13945,2019,15023,-7.175663981894431,54,2019.0
2020.0,白山,5090000.0,44021.0,115.0,白山,2021,14375,2020,13945,3.08354248834708,54,2020.0
2021.0,白山,5410000.0,57948.0,113.0,白山,2022,11200,2021,14375,-22.086956521739133,54,2021.0
2019.0,白银,4860000.0,27990.0,181.0,白银,2020,16447,2019,15759,4.365759248683299,277,2019.0
2020.0,白银,4970000.0,32700.0,180.5,白银,2021,18262,2020,16447,11.035447194017143,277,2020.0
2021.0,白银,5710000.0,37919.0,180.0,白银,2022,14240,2021,18262,-22.0238747125178,277,2021.0
2019.0,百色,12580000.0,34194.0,423.0,百色,2020,39955,2019,28765,38.90144272553451,218,2019.0
2020.0,百色,13340000.0,37332.0,423.0,百色,2021,31458,2020,39955,-21.2664247278188,218,2020.0
2021.0,百色,15690000.0,43892.0,423.0,百色,2022,41486,2021,31458,31.877423866742948,218,2021.0
2019.0,益阳,17920000.0,40578.0,473.0,益阳,2020,30771,2019,27832,10.559787295199774,178,2019.0
2020.0,益阳,18530000.0,47784.0,468.0,益阳,2021,27176,2020,30771,-11.683078223002177,178,2020.0
2021.0,益阳,20190000.0,52597.0,463.0,益阳,2022,57581,2021,27176,111.88180747718576,178,2021.0
2019.0,盐城,57020000.0,79149.0,821.0,盐城,2020,205578,2019,93459,119.96597438448946,74,2019.0
2020.0,盐城,59530000.0,88731.0,812.5,盐城,2021,95078,2020,205578,-53.75088774090613,74,2020.0
2021.0,盐城,66170000.0,98593.0,804.0,盐城,2022,64765,2021,95078,-31.88224405225184,74,2021.0
2019.0,盘锦,12810000.0,88983.0,130.0,盘锦,2020,17878,2019,19781,-9.62034275314696,45,2019.0
2020.0,盘锦,13040000.0,93802.0,129.5,盘锦,2021,20303,2020,17878,13.56415706454861,45,2020.0
2021.0,盘锦,13830000.0,99443.0,129.0,盘锦,2022,17534,2021,20303,-13.638378564744125,45,2021.0
2019.0,眉山,13800000.0,46168.0,342.0,眉山,2020,28225,2019,28562,-1.17988936348995,242,2019.0
2020.0,眉山,14240000.0,48132.0,341.5,眉山,2021,46326,2020,28225,64.13108945969886,242,2020.0
2021.0,眉山,15480000.0,52337.0,341.0,眉山,2022,31747,2021,46326,-31.470448560203774,242,2021.0
2019.0,石嘴山,5110000.0,63494.0,75.0,石嘴山,2020,9139,2019,9799,-6.735381161342991,289,2019.0
2020.0,石嘴山,5420000.0,72083.0,74.5,石嘴山,2021,9479,2020,9139,3.720319509793191,289,2020.0
2021.0,石嘴山,6170000.0,81943.0,74.0,石嘴山,2022,9168,2021,9479,-3.280936807680135,289,2021.0
2019.0,石家庄,58100000.0,52859.0,1052.0,石家庄,2020,160218,2019,174701,-8.290164337925942,4,2019.0
2020.0,石家庄,59350000.0,52961.0,1051.5,石家庄,2021,148098,2020,160218,-7.564693105643561,4,2020.0
2021.0,石家庄,64900000.0,57830.0,1051.0,石家庄,2022,162045,2021,148098,9.41741279423085,4,2021.0
2019.0,福州,93920000.0,120879.0,710.0,福州,2020,104484,2019,99041,5.495703799436602,110,2019.0
2020.0,福州,100200000.0,121015.0,716.5,福州,2021,117584,2020,104484,12.537804831361733,110,2020.0
2021.0,福州,113240000.0,135298.0,723.0,福州,2022,110877,2021,117584,-5.7040073479385,110,2021.0
2019.0,秦皇岛,16120000.0,51334.0,301.0,秦皇岛,2020,35672,2019,41022,-13.041782458193165,6,2019.0
2020.0,秦皇岛,16860000.0,53821.0,300.5,秦皇岛,2021,33573,2020,35672,-5.884166853554607,6,2020.0
2021.0,秦皇岛,18440000.0,58774.0,300.0,秦皇岛,2022,30982,2021,33573,-7.717511095225326,6,2021.0
2019.0,绍兴,57810000.0,114561.0,448.0,绍兴,2020,76328,2019,62230,22.654668166479187,87,2019.0
2020.0,绍兴,60010000.0,113746.0,447.5,绍兴,2021,66371,2020,76328,-13.045016245676557,87,2020.0
2021.0,绍兴,67950000.0,127875.0,447.0,绍兴,2022,87038,2021,66371,31.13859968962347,87,2021.0
2019.0,绥化,11010000.0,21045.0,522.0,绥化,2020,34351,2019,36514,-5.923755271950482,68,2019.0
2020.0,绥化,11500000.0,22122.0,517.5,绥化,2021,34655,2020,34351,0.8849815143664008,68,2020.0
2021.0,绥化,11780000.0,31915.0,513.0,绥化,2022,45525,2021,34655,31.366325205598034,68,2021.0
2019.0,绵阳,28560000.0,58685.0,531.0,绵阳,2020,37450,2019,35819,4.553449286691413,228,2019.0
2020.0,绵阳,30100000.0,61936.0,529.0,绵阳,2021,45348,2020,37450,21.089452603471305,228,2020.0
2021.0,绵阳,33500000.0,68696.0,527.0,绵阳,2022,74534,2021,45348,64.36005998059451,228,2021.0
2019.0,聊城,22600000.0,37129.0,647.0,聊城,2020,76367,2019,77489,-1.447947450605891,131,2019.0
2020.0,聊城,23170000.0,38925.0,647.5,聊城,2021,75356,2020,76367,-1.3238702580957715,131,2020.0
2021.0,聊城,26430000.0,44485.0,648.0,聊城,2022,63186,2021,75356,-16.150007962206057,131,2021.0
2019.0,肇庆,22490000.0,53936.0,454.0,肇庆,2020,37189,2019,35541,4.636898230212982,203,2019.0
2020.0,肇庆,23110000.0,56318.0,456.0,肇庆,2021,39194,2020,37189,5.391379171260313,203,2020.0
2021.0,肇庆,26500000.0,64269.0,458.0,肇庆,2022,43485,2021,39194,10.948104301678828,203,2021.0
2019.0,自贡,14280000.0,48904.0,320.0,自贡,2020,21471,2019,18787,14.286474689945171,235,2019.0
2020.0,自贡,14580000.0,58059.0,318.5,自贡,2021,21595,2020,21471,0.5775231707884965,235,2020.0
2021.0,自贡,16010000.0,64595.0,317.0,自贡,2022,21284,2021,21595,-1.440148182449641,235,2021.0
2019.0,舟山,13720000.0,116781.0,97.0,舟山,2020,14120,2019,16911,-16.50405061794099,86,2019.0
2020.0,舟山,15120000.0,130130.0,96.5,舟山,2021,15244,2020,14120,7.960339943342776,86,2020.0
2021.0,舟山,17040000.0,146611.0,96.0,舟山,2022,15982,2021,15244,4.841249016006288,86,2021.0
2019.0,芜湖,36180000.0,96154.0,390.0,芜湖,2020,46973,2019,47142,-0.3584913665096945,94,2019.0
2020.0,芜湖,37530000.0,102964.0,389.0,芜湖,2021,53442,2020,46973,13.77174121303728,94,2020.0
2021.0,芜湖,43030000.0,117526.0,388.0,芜湖,2022,62248,2021,53442,16.477676733655166,94,2021.0
2019.0,苏州,192360000.0,179174.0,723.0,苏州,2020,265796,2019,251373,5.737688614131198,81,2019.0
2020.0,苏州,201700000.0,158466.0,742.5,苏州,2021,256830,2020,265796,-3.373263706000096,81,2020.0
2021.0,苏州,227180000.0,177505.0,762.0,苏州,2022,180685,2021,256830,-29.648016197484715,81,2021.0
2019.0,茂名,32520000.0,51119.0,818.0,茂名,2020,35452,2019,32690,8.449066992964216,206,2019.0
2020.0,茂名,32790000.0,53311.0,823.5,茂名,2021,44518,2020,35452,25.572605212681943,206,2020.0
2021.0,茂名,36980000.0,59648.0,829.0,茂名,2022,61352,2021,44518,37.81391796576665,206,2021.0
2019.0,荆州,25160000.0,45097.0,637.0,荆州,2020,31883,2019,34411,-7.346488041614596,171,2019.0
2020.0,荆州,23690000.0,44143.0,632.5,荆州,2021,63786,2020,31883,100.06272935420132,171,2020.0
2021.0,荆州,27160000.0,52735.0,628.0,荆州,2022,89969,2021,63786,41.04819239331514,171,2021.0
2019.0,荆门,20340000.0,70203.0,291.0,荆门,2020,19143,2019,21931,-12.712598604714788,165,2019.0
2020.0,荆门,19060000.0,70162.0,288.5,荆门,2021,46784,2020,19143,144.39220602831324,165,2020.0
2021.0,荆门,21210000.0,83441.0,286.0,荆门,2022,61655,2021,46784,31.78650820793434,165,2021.0
2019.0,莆田,25950000.0,89342.0,364.0,莆田,2020,55435,2019,52570,5.4498763553357366,113,2019.0
2020.0,莆田,26440000.0,82753.0,365.5,莆田,2021,76727,2020,55435,38.40894741589249,113,2020.0
2021.0,莆田,28830000.0,89672.0,367.0,莆田,2022,70982,2021,76727,-7.487585856347834,113,2021.0
2019.0,菏泽,34100000.0,38867.0,1026.0,菏泽,2020,83662,2019,92645,-9.69615197798046,144,2019.0
2020.0,菏泽,34830000.0,39599.0,1026.5,菏泽,2021,92965,2020,83662,11.119743730726018,144,2020.0
2021.0,菏泽,39770000.0,45366.0,1027.0,菏泽,2022,79643,2021,92965,-14.330124240305487,144,2021.0
2019.0,萍乡,9300000.0,48007.0,200.0,萍乡,2020,23511,2019,23023,2.1196195109238536,123,2019.0
2020.0,萍乡,9630000.0,53302.0,199.5,萍乡,2021,36315,2020,23511,54.45961464846243,123,2020.0
2021.0,萍乡,11080000.0,61386.0,199.0,萍乡,2022,29317,2021,36315,-19.270273991463583,123,2021.0
2019.0,营口,13280000.0,54545.0,231.0,营口,2020,26503,2019,30766,-13.856204901514657,42,2019.0
2020.0,营口,13250000.0,56777.0,229.5,营口,2021,28946,2020,26503,9.21782439723804,42,2020.0
2021.0,营口,14030000.0,60484.0,228.0,营口,2022,26455,2021,28946,-8.605679541214673,42,2021.0
2019.0,葫芦岛,8070000.0,31802.0,276.0,葫芦岛,2020,28235,2019,28099,0.4840029894302322,48,2019.0
2020.0,葫芦岛,7700000.0,31514.0,273.5,葫芦岛,2021,27182,2020,28235,-3.729413848060914,48,2020.0
2021.0,葫芦岛,8420000.0,34823.0,271.0,葫芦岛,2022,22820,2021,27182,-16.04738429843279,48,2021.0
2019.0,蚌埠,20570000.0,60469.0,386.0,蚌埠,2020,46775,2019,38611,21.14423350858563,95,2019.0
2020.0,蚌埠,20830000.0,63209.0,386.5,蚌埠,2021,42579,2020,46775,-8.970603955104217,95,2020.0
2021.0,蚌埠,19890000.0,60117.0,387.0,蚌埠,2022,48525,2021,42579,13.964630451631075,95,2021.0
2019.0,衡水,15050000.0,33599.0,458.0,衡水,2020,61406,2019,65611,-6.408986298029296,14,2019.0
2020.0,衡水,15600000.0,36938.0,458.5,衡水,2021,55217,2020,61406,-10.078819659316684,14,2020.0
2021.0,衡水,17030000.0,40561.0,459.0,衡水,2022,60485,2021,55217,9.540540051071233,14,2021.0
2019.0,衡阳,33730000.0,46379.0,797.0,衡阳,2020,52782,2019,45759,15.347800432701764,175,2019.0
2020.0,衡阳,35090000.0,52550.0,791.0,衡阳,2021,61718,2020,52782,16.93001401993104,175,2020.0
2021.0,衡阳,38400000.0,57909.0,785.0,衡阳,2022,89878,2021,61718,45.62688356719271,175,2021.0
2019.0,衢州,15740000.0,71087.0,258.0,衢州,2020,35085,2019,36509,-3.900408118546117,88,2019.0
2020.0,衢州,16390000.0,72192.0,257.0,衢州,2021,34784,2020,35085,-0.8579164885278656,88,2020.0
2021.0,衢州,18760000.0,82174.0,256.0,衢州,2022,36929,2021,34784,6.166628334866608,88,2021.0
2019.0,襄阳,48130000.0,84815.0,590.0,襄阳,2020,46605,2019,44871,3.8644113124289614,164,2019.0
2020.0,襄阳,46020000.0,84773.0,588.5,襄阳,2021,81674,2020,46605,75.24729106319063,164,2020.0
2021.0,襄阳,53090000.0,100824.0,587.0,襄阳,2022,112109,2021,81674,37.2640007836031,164,2021.0
2019.0,西宁,13280000.0,55812.0,209.0,西宁,2020,28071,2019,28306,-0.830212675757791,286,2019.0
2020.0,西宁,13730000.0,54439.0,211.0,西宁,2021,29063,2020,28071,3.533896191799357,286,2020.0
2021.0,西宁,15490000.0,62638.0,213.0,西宁,2022,20956,2021,29063,-27.89457385679386,286,2021.0
2019.0,西安,93210000.0,92256.0,957.0,西安,2020,135136,2019,248065,-45.52395541491141,264,2019.0
2020.0,西安,100200000.0,79181.0,978.0,西安,2021,140099,2020,135136,3.6725964953824297,264,2020.0
2021.0,西安,106880000.0,83689.0,999.0,西安,2022,130871,2021,140099,-6.5867707835173706,264,2021.0
2019.0,许昌,28310000.0,63996.0,511.0,许昌,2020,35913,2019,38222,-6.041023494322639,154,2019.0
2020.0,许昌,34490000.0,78875.0,512.0,许昌,2021,44998,2020,35913,25.297246122574,154,2020.0
2021.0,许昌,36550000.0,83415.0,513.0,许昌,2022,63789,2021,44998,41.75963376150052,154,2021.0
2019.0,贵港,12580000.0,28451.0,565.0,贵港,2020,37297,2019,36920,1.0211267605633845,212,2019.0
2020.0,贵港,13530000.0,31363.0,566.0,贵港,2021,32129,2020,37297,-13.856342333163528,212,2020.0
2021.0,贵港,15020000.0,34632.0,567.0,贵港,2022,42274,2021,32129,31.57583491549689,212,2021.0
2019.0,贵阳,40400000.0,81995.0,428.0,贵阳,2020,90119,2019,103467,-12.90073163424087,244,2019.0
2020.0,贵阳,43120000.0,72246.0,436.5,贵阳,2021,85039,2020,90119,-5.636991089559363,244,2020.0
2021.0,贵阳,47110000.0,77919.0,445.0,贵阳,2022,99301,2021,85039,16.771128541022364,244,2021.0
2019.0,贺州,7010000.0,33676.0,248.0,贺州,2020,20686,2019,18362,12.656573358021994,221,2019.0
2020.0,贺州,7540000.0,37539.0,248.5,贺州,2021,17352,2020,20686,-16.117180701924006,221,2020.0
2021.0,贺州,9090000.0,45044.0,249.0,贺州,2022,21467,2021,17352,23.714845550945142,221,2021.0
2019.0,资阳,7780000.0,31019.0,342.0,资阳,2020,15346,2019,12375,24.008080808080813,241,2019.0
2020.0,资阳,8080000.0,34806.0,339.5,资阳,2021,16764,2020,15346,9.240192884139198,241,2020.0
2021.0,资阳,8910000.0,38717.0,337.0,资阳,2022,25796,2021,16764,53.87735623956096,241,2021.0
2019.0,赣州,34740000.0,39968.0,983.0,赣州,2020,94321,2019,99737,-5.4302816407150845,124,2019.0
2020.0,赣州,36450000.0,40754.0,983.5,赣州,2021,116025,2020,94321,23.010782328431635,124,2020.0
2021.0,赣州,41690000.0,46452.0,984.0,赣州,2022,119784,2021,116025,3.23981900452488,124,2021.0
2019.0,赤峰,17080000.0,39488.0,460.0,赤峰,2020,50453,2019,52561,-4.010578185346548,29,2019.0
2020.0,赤峰,17630000.0,43595.0,457.0,赤峰,2021,50244,2020,50453,-0.4142469228787138,29,2020.0
2021.0,赤峰,19750000.0,49069.0,454.0,赤峰,2022,41242,2021,50244,-17.916567152296793,29,2021.0
2019.0,辽源,4100000.0,35108.0,117.0,辽源,2020,9215,2019,9927,-7.172358214969277,52,2019.0
2020.0,辽源,4300000.0,37171.0,115.5,辽源,2021,10717,2020,9215,16.299511665762335,52,2020.0
2021.0,辽源,4630000.0,47007.0,114.0,辽源,2022,9750,2021,10717,-9.023047494634696,52,2021.0
2019.0,辽阳,8310000.0,45498.0,174.0,辽阳,2020,14382,2019,17500,-17.817142857142855,44,2019.0
2020.0,辽阳,8380000.0,51792.0,172.5,辽阳,2021,15622,2020,14382,8.621888471700734,44,2020.0
2021.0,辽阳,8600000.0,54105.0,171.0,辽阳,2022,16115,2021,15622,3.155805914735632,44,2021.0
2019.0,达州,20420000.0,35625.0,659.0,达州,2020,30842,2019,28281,9.055549662317452,240,2019.0
2020.0,达州,21170000.0,38068.0,654.0,达州,2021,29836,2020,30842,-3.261785876402312,240,2020.0
2021.0,达州,23520000.0,43646.0,649.0,达州,2022,35931,2021,29836,20.428341600750777,240,2021.0
2019.0,运城,15630000.0,29126.0,514.0,运城,2020,56244,2019,50137,12.1806250872609,22,2019.0
2020.0,运城,16440000.0,34383.0,513.5,运城,2021,72429,2020,56244,28.776402816300404,22,2020.0
2021.0,运城,20530000.0,43201.0,513.0,运城,2022,110610,2021,72429,52.715072691877566,22,2021.0
2019.0,连云港,31390000.0,69523.0,534.0,连云港,2020,115245,2019,84406,36.53650214439732,71,2019.0
2020.0,连云港,32770000.0,71303.0,533.5,连云港,2021,102295,2020,115245,-11.236930018655912,71,2020.0
2021.0,连云港,37280000.0,81015.0,533.0,连云港,2022,66467,2021,102295,-35.02419473092526,71,2021.0
2019.0,通化,7260000.0,33702.0,215.0,通化,2020,20740,2019,24374,-14.909329613522605,53,2019.0
2020.0,通化,7490000.0,35113.0,212.5,通化,2021,20396,2020,20740,-1.6586306653809113,53,2020.0
2021.0,通化,5680000.0,44308.0,210.0,通化,2022,20123,2021,20396,-1.33849774465582,53,2021.0
2019.0,通辽,12670000.0,40410.0,317.0,通辽,2020,23884,2019,28300,-15.604240282685511,30,2019.0
2020.0,通辽,12770000.0,44521.0,316.0,通辽,2021,27105,2020,23884,13.486015742756653,30,2020.0
2021.0,通辽,14110000.0,49346.0,315.0,通辽,2022,24263,2021,27105,-10.485150341265449,30,2021.0
2019.0,遂宁,13460000.0,42113.0,362.0,遂宁,2020,21909,2019,18461,18.677211418666385,232,2019.0
2020.0,遂宁,14030000.0,49495.0,360.0,遂宁,2021,20901,2020,21909,-4.600848966178283,232,2020.0
2021.0,遂宁,15200000.0,54300.0,358.0,遂宁,2022,20515,2021,20901,-1.8468015884407496,232,2021.0
2019.0,遵义,34830000.0,55411.0,819.0,遵义,2020,84099,2019,83846,0.3017436729241707,246,2019.0
2020.0,遵义,37200000.0,56334.0,824.0,遵义,2021,62830,2020,84099,-25.290431515238,246,2020.0
2021.0,遵义,41700000.0,63170.0,829.0,遵义,2022,82420,2021,62830,31.17937291102977,246,2021.0
2019.0,邢台,21200000.0,28707.0,801.0,邢台,2020,117118,2019,94719,23.647842565905464,8,2019.0
2020.0,邢台,22000000.0,30909.0,800.5,邢台,2021,90598,2020,117118,-22.643829300363738,8,2020.0
2021.0,邢台,24270000.0,34193.0,800.0,邢台,2022,96486,2021,90598,6.499039713900978,8,2021.0
2019.0,那曲,1580000.0,30420.0,54.0,那曲,2020,7214,2019,6777,6.448280950272989,263,2019.0
2020.0,那曲,1710000.0,33371.0,55.0,那曲,2021,8155,2020,7214,13.044080953701132,263,2020.0
2021.0,那曲,1820000.0,33788.0,56.0,那曲,2022,5762,2021,8155,-29.343960760269773,263,2021.0
2019.0,邯郸,34860000.0,36546.0,1061.0,邯郸,2020,103854,2019,109781,-5.398930598190943,7,2019.0
2020.0,邯郸,36370000.0,38623.0,1061.0,邯郸,2021,93725,2020,103854,-9.75311494983342,7,2020.0
2021.0,邯郸,41150000.0,43817.0,1061.0,邯郸,2022,103500,2021,93725,10.429447852760742,7,2021.0
2019.0,邵阳,21520000.0,29339.0,826.0,邵阳,2020,46970,2019,43591,7.751600100938272,184,2019.0
2020.0,邵阳,22510000.0,34293.0,821.5,邵阳,2021,43331,2020,46970,-7.747498403236108,184,2020.0
2021.0,邵阳,24620000.0,37783.0,817.0,邵阳,2022,88648,2021,43331,104.58332371743096,184,2021.0
2019.0,郑州,115900006.0,113139.0,882.0,郑州,2020,186097,2019,185642,0.2450953986705695,145,2019.0
2020.0,郑州,120040000.0,96134.0,896.5,郑州,2021,223973,2020,186097,20.352826751640272,145,2020.0
2021.0,郑州,126910000.0,100092.0,911.0,郑州,2022,279782,2021,223973,24.91773561991848,145,2021.0
2019.0,郴州,24110000.0,50760.0,534.0,郴州,2020,33366,2019,36374,-8.269643151701766,182,2019.0
2020.0,郴州,25030000.0,53581.0,530.5,郴州,2021,33285,2020,33366,-0.2427620931487184,182,2020.0
2021.0,郴州,27700000.0,59342.0,527.0,郴州,2022,67652,2021,33285,103.25071353462522,182,2021.0
2019.0,鄂尔多斯,36050000.0,173069.0,164.0,鄂尔多斯,2020,29564,2019,34530,-14.38169707500724,31,2019.0
2020.0,鄂尔多斯,35340000.0,164387.0,164.5,鄂尔多斯,2021,30968,2020,29564,4.749019077256111,31,2020.0
2021.0,鄂尔多斯,47160000.0,218118.0,165.0,鄂尔多斯,2022,31621,2021,30968,2.1086282614311447,31,2021.0
2019.0,鄂州,11400000.0,106678.0,112.0,鄂州,2020,10202,2019,9747,4.668103006053137,168,2019.0
2020.0,鄂州,10050000.0,93986.0,112.0,鄂州,2021,14641,2020,10202,43.511076259556944,168,2020.0
2021.0,鄂州,11620000.0,107968.0,112.0,鄂州,2022,24128,2021,14641,64.79748651048425,168,2021.0
2019.0,酒泉,6180000.0,54729.0,99.0,酒泉,2020,16278,2019,15956,2.0180496365003853,279,2019.0
2020.0,酒泉,6580000.0,62187.0,99.0,酒泉,2021,22053,2020,16278,35.477331367489874,279,2020.0
2021.0,酒泉,7630000.0,72356.0,99.0,酒泉,2022,18795,2021,22053,-14.77350020405387,279,2021.0
2019.0,重庆,236060000.0,75828.0,3416.0,重庆,2020,323341,2019,302681,6.825667947443015,3,2019.0
2020.0,重庆,250030000.0,78173.0,3415.5,重庆,2021,363898,2020,323341,12.54310464803412,3,2020.0
2021.0,重庆,278940000.0,86879.0,3415.0,重庆,2022,332441,2021,363898,-8.64445531440129,3,2021.0
2019.0,金华,45600000.0,81224.0,492.0,金华,2020,134108,2019,132381,1.3045678760547297,89,2019.0
2020.0,金华,47040000.0,67329.0,493.5,金华,2021,132404,2020,134108,-1.2706177110985206,89,2020.0
2021.0,金华,53550000.0,75524.0,495.0,金华,2022,156501,2021,132404,18.19960122050692,89,2021.0
2019.0,金昌,3400000.0,73390.0,45.0,金昌,2020,5583,2019,4843,15.279785257072051,276,2019.0
2020.0,金昌,3580000.0,81643.0,45.0,金昌,2021,5742,2020,5583,2.8479312197743134,276,2020.0
2021.0,金昌,4290000.0,98205.0,45.0,金昌,2022,6399,2021,5742,11.442006269592486,276,2021.0
2019.0,钦州,13560000.0,40922.0,418.0,钦州,2020,32591,2019,20964,55.46174394199581,214,2019.0
2020.0,钦州,13880000.0,42054.0,418.5,钦州,2021,37404,2020,32591,14.767880703261628,214,2020.0
2021.0,钦州,16480000.0,49804.0,419.0,钦州,2022,34786,2021,37404,-6.99925141696075,214,2021.0
2019.0,铁岭,6400000.0,24382.0,289.0,铁岭,2020,22144,2019,24830,-10.81755940394684,46,2019.0
2020.0,铁岭,6630000.0,27577.0,286.0,铁岭,2021,26461,2020,22144,19.495122832369937,46,2020.0
2021.0,铁岭,7160000.0,30389.0,283.0,铁岭,2022,23888,2021,26461,-9.723744378519328,46,2021.0
2019.0,铜仁,12490000.0,39298.0,446.0,铜仁,2020,42015,2019,45657,-7.976871016492537,249,2019.0
2020.0,铜仁,13280000.0,40269.0,447.5,铜仁,2021,30363,2020,42015,-27.732952516958232,249,2020.0
2021.0,铜仁,14630000.0,44440.0,449.0,铜仁,2022,55018,2021,30363,81.20080360965649,249,2021.0
2019.0,铜川,3550000.0,44794.0,79.0,铜川,2020,19340,2019,27947,-30.797581135721185,266,2019.0
2020.0,铜川,3820000.0,53021.0,78.5,铜川,2021,15242,2020,19340,-21.189245087900723,266,2020.0
2021.0,铜川,4390000.0,62108.0,78.0,铜川,2022,8064,2021,15242,-47.09355727594804,266,2021.0
2019.0,铜陵,9600000.0,58726.0,171.0,铜陵,2020,14049,2019,15463,-9.144409234947936,99,2019.0
2020.0,铜陵,10040000.0,75748.0,170.0,铜陵,2021,14293,2020,14049,1.7367784183927704,99,2020.0
2021.0,铜陵,11660000.0,89112.0,169.0,铜陵,2022,15405,2021,14293,7.780032183586361,99,2021.0
2019.0,银川,18970000.0,83492.0,200.0,银川,2020,38079,2019,40670,-6.370789279567246,288,2019.0
2020.0,银川,19640000.0,69283.0,205.0,银川,2021,45573,2020,38079,19.68013865910345,288,2020.0
2021.0,银川,22630000.0,78794.0,210.0,银川,2022,47572,2021,45573,4.38636912206789,288,2021.0
2019.0,锦州,10730000.0,35431.0,293.0,锦州,2020,25001,2019,28157,-11.208580459566008,41,2019.0
2020.0,锦州,10720000.0,39332.0,290.5,锦州,2021,28071,2020,25001,12.279508819647212,41,2020.0
2021.0,锦州,11480000.0,42809.0,288.0,锦州,2022,24825,2021,28071,-11.563535321149942,41,2021.0
2019.0,镇江,41270000.0,128981.0,270.0,镇江,2020,94201,2019,67738,39.06669816055981,78,2019.0
2020.0,镇江,42200000.0,131580.0,269.0,镇江,2021,67689,2020,94201,-28.14407490366344,78,2020.0
2021.0,镇江,47630000.0,148204.0,268.0,镇江,2022,51337,2021,67689,-24.157544061812107,78,2021.0
2019.0,长春,59040000.0,78456.0,754.0,长春,2020,122110,2019,109057,11.968970354951992,49,2019.0
2020.0,长春,66380000.0,77634.0,803.0,长春,2021,170364,2020,122110,39.51682908852674,49,2020.0
2021.0,长春,71030000.0,78255.0,852.0,长春,2022,125251,2021,170364,-26.480359700406183,49,2021.0
2019.0,长沙,115740000.0,139877.0,738.0,长沙,2020,148793,2019,134611,10.535543157691428,174,2019.0
2020.0,长沙,121430000.0,123297.0,749.0,长沙,2021,158094,2020,148793,6.2509661072765565,174,2020.0
2021.0,长沙,132710000.0,130745.0,760.0,长沙,2022,233622,2021,158094,47.77410907434818,174,2021.0
2019.0,长治,16400000.0,47219.0,340.0,长治,2020,30265,2019,29307,3.268843620977924,18,2019.0
2020.0,长治,17120000.0,53778.0,339.5,长治,2021,28831,2020,30265,-4.738146373698992,18,2020.0
2021.0,长治,23110000.0,73001.0,339.0,长治,2022,75610,2021,28831,162.25243661336756,18,2021.0
2019.0,阜新,4880000.0,27945.0,184.0,阜新,2020,18417,2019,16900,8.976331360946755,43,2019.0
2020.0,阜新,5050000.0,30541.0,182.0,阜新,2021,19712,2020,18417,7.031546940326883,43,2020.0
2021.0,阜新,5450000.0,33376.0,180.0,阜新,2022,19022,2021,19712,-3.500405844155841,43,2021.0
2019.0,阜阳,27050000.0,32855.0,1077.0,阜阳,2020,71309,2019,76427,-6.696586284951655,103,2019.0
2020.0,阜阳,28050000.0,34399.0,1075.5,阜阳,2021,73520,2020,71309,3.100590388310032,103,2020.0
2021.0,阜阳,30720000.0,37524.0,1074.0,阜阳,2022,92939,2021,73520,26.413220892274204,103,2021.0
2019.0,防城港,7010000.0,73163.0,100.0,防城港,2020,16761,2019,14218,17.885778590519052,216,2019.0
2020.0,防城港,7330000.0,70697.0,101.0,防城港,2021,13562,2020,16761,-19.085973390609155,216,2020.0
2021.0,防城港,8160000.0,77548.0,102.0,防城港,2022,13586,2021,13562,0.1769650494027441,216,2021.0
2019.0,阳江,12920000.0,50412.0,301.0,阳江,2020,26956,2019,21983,22.62202611108584,205,2019.0
2020.0,阳江,13600000.0,52357.0,302.0,阳江,2021,26012,2020,26956,-3.502003264579312,205,2020.0
2021.0,阳江,15160000.0,58005.0,303.0,阳江,2022,30868,2021,26012,18.66830693526065,205,2021.0
2019.0,阳泉,7190000.0,50775.0,132.0,阳泉,2020,11477,2019,12031,-4.604771008228747,17,2019.0
2020.0,阳泉,7420000.0,56245.0,131.5,阳泉,2021,12055,2020,11477,5.036159275071883,17,2020.0
2021.0,阳泉,9170000.0,69731.0,131.0,阳泉,2022,31366,2021,12055,160.19079220240565,17,2021.0
2019.0,陇南,4450000.0,16868.0,286.0,陇南,2020,17619,2019,15955,10.429332497649636,285,2019.0
2020.0,陇南,4520000.0,18710.0,285.0,陇南,2021,20045,2020,17619,13.769226403314594,285,2020.0
2021.0,陇南,5030000.0,20974.0,284.0,陇南,2022,17910,2021,20045,-10.651035170865551,285,2021.0
2019.0,随州,11620000.0,52380.0,249.0,随州,2020,15379,2019,17930,-14.227551589514777,173,2019.0
2020.0,随州,10970000.0,54474.0,247.0,随州,2021,26122,2020,15379,69.854997073932,173,2020.0
2021.0,随州,12410000.0,61102.0,245.0,随州,2022,45628,2021,26122,74.67268968685399,173,2021.0
2019.0,雅安,7240000.0,46984.0,153.0,雅安,2020,18471,2019,14881,24.12472280088704,243,2019.0
2020.0,雅安,7550000.0,52366.0,152.5,雅安,2021,19694,2020,18471,6.621189973471919,243,2020.0
2021.0,雅安,8410000.0,58617.0,152.0,雅安,2022,17443,2021,19694,-11.429877119935004,243,2021.0
2019.0,青岛,117410000.0,124282.0,831.0,青岛,2020,218240,2019,192891,13.141618841729263,130,2019.0
2020.0,青岛,124010000.0,123828.0,838.5,青岛,2021,185473,2020,218240,-15.014204545454549,130,2020.0
2021.0,青岛,141360000.0,138849.0,846.0,青岛,2022,157196,2021,185473,-15.245884845772697,130,2021.0
2019.0,鞍山,17450000.0,49123.0,340.0,鞍山,2020,33339,2019,35414,-5.859264697577227,37,2019.0
2020.0,鞍山,17390000.0,52020.0,336.5,鞍山,2021,35952,2020,33339,7.837667596508591,37,2020.0
2021.0,鞍山,18880000.0,57188.0,333.0,鞍山,2022,32806,2021,35952,-8.750556297285272,37,2021.0
2019.0,韶关,13180000.0,43743.0,337.0,韶关,2020,30064,2019,27625,8.8289592760181,190,2019.0
2020.0,韶关,13530000.0,47441.0,337.0,韶关,2021,30062,2020,30064,-0.006652474720592,190,2020.0
2021.0,韶关,15540000.0,54377.0,337.0,韶关,2022,26964,2021,30062,-10.305368904264522,190,2021.0
2019.0,马鞍山,21110000.0,89867.0,229.0,马鞍山,2020,26278,2019,26454,-0.6653058138655799,97,2019.0
2020.0,马鞍山,21870000.0,101011.0,228.5,马鞍山,2021,28534,2020,26278,8.585128244158602,97,2020.0
2021.0,马鞍山,24390000.0,113010.0,228.0,马鞍山,2022,30437,2021,28534,6.669236700077108,97,2021.0
2019.0,驻马店,27420000.0,38943.0,964.0,驻马店,2020,51732,2019,53203,-2.764881679604536,160,2019.0
2020.0,驻马店,28590000.0,40710.0,965.5,驻马店,2021,64591,2020,51732,24.856955076161743,160,2020.0
2021.0,驻马店,30830000.0,44266.0,967.0,驻马店,2022,131983,2021,64591,104.33651747147437,160,2021.0
2019.0,鸡西,5520000.0,32278.0,169.0,鸡西,2020,13624,2019,15433,-11.721635456489343,66,2019.0
2020.0,鸡西,5720000.0,34031.0,167.0,鸡西,2021,14920,2020,13624,9.51262477980035,66,2020.0
2021.0,鸡西,6040000.0,40808.0,165.0,鸡西,2022,14657,2021,14920,-1.7627345844503983,66,2021.0
2019.0,鹤壁,9890000.0,60672.0,171.0,鹤壁,2020,21556,2019,18485,16.613470381390314,150,2019.0
2020.0,鹤壁,9810000.0,62736.0,171.0,鹤壁,2021,18140,2020,21556,-15.847095936166266,150,2020.0
2021.0,鹤壁,10650000.0,67803.0,171.0,鹤壁,2022,37174,2021,18140,104.92833517089304,150,2021.0
2019.0,鹤岗,3360000.0,33981.0,98.0,鹤岗,2020,10610,2019,11298,-6.089573375818724,62,2019.0
2020.0,鹤岗,3400000.0,34809.0,97.0,鹤岗,2021,10721,2020,10610,1.0461828463713465,62,2020.0
2021.0,鹤岗,3540000.0,40338.0,96.0,鹤岗,2022,11346,2021,10721,5.829680067157916,62,2021.0
2019.0,鹰潭,9410000.0,79883.0,129.0,鹰潭,2020,13823,2019,15559,-11.15752940420336,121,2019.0
2020.0,鹰潭,9830000.0,84139.0,129.0,鹰潭,2021,21391,2020,13823,54.74933082543587,121,2020.0
2021.0,鹰潭,11440000.0,99069.0,129.0,鹰潭,2022,33498,2021,21391,56.59856949184237,121,2021.0
2019.0,黄冈,23230000.0,36685.0,738.0,黄冈,2020,36502,2019,38467,-5.108274625003251,167,2019.0
2020.0,黄冈,21700000.0,35784.0,731.5,黄冈,2021,66455,2020,36502,82.05851734151553,167,2020.0
2021.0,黄冈,25410000.0,43550.0,725.0,黄冈,2022,93564,2021,66455,40.79301783161537,167,2021.0
2019.0,黄山,8180000.0,57853.0,149.0,黄山,2020,17795,2019,18579,-4.219818074169757,101,2019.0
2020.0,黄山,8500000.0,63940.0,149.0,黄山,2021,20040,2020,17795,12.615903343635848,101,2020.0
2021.0,黄山,9570000.0,71928.0,149.0,黄山,2022,18136,2021,20040,-9.500998003992011,101,2021.0
2019.0,黄石,17670000.0,71511.0,273.0,黄石,2020,17664,2019,20213,-12.610696086676889,169,2019.0
2020.0,黄石,16410000.0,66446.0,273.0,黄石,2021,37166,2020,17664,110.40534420289852,169,2020.0
2021.0,黄石,18660000.0,75943.0,273.0,黄石,2022,62675,2021,37166,68.63531184415864,169,2021.0
2019.0,黑河,5790000.0,36478.0,158.0,黑河,2020,13866,2019,16134,-14.057270360728891,59,2019.0
2020.0,黑河,6150000.0,39184.0,156.0,黑河,2021,15681,2020,13866,13.089571614019912,59,2020.0
2021.0,黑河,6370000.0,50206.0,154.0,黑河,2022,17094,2021,15681,9.010904916778273,59,2021.0
2019.0,齐齐哈尔,11290000.0,22667.0,527.0,齐齐哈尔,2020,23975,2019,26621,-9.939521430449648,58,2019.0
2020.0,齐齐哈尔,12000000.0,24273.0,522.0,齐齐哈尔,2021,30106,2020,23975,25.572471324296146,58,2020.0
2021.0,齐齐哈尔,12250000.0,30559.0,517.0,齐齐哈尔,2022,34635,2021,30106,15.043512921012423,58,2021.0
2019.0,龙岩,26790000.0,101476.0,318.0,龙岩,2020,39074,2019,35073,11.407635503093536,116,2019.0
2020.0,龙岩,28710000.0,105548.0,317.5,龙岩,2021,66959,2020,39074,71.36459026462609,116,2020.0
2021.0,龙岩,30820000.0,112886.0,317.0,龙岩,2022,42067,2021,66959,-37.17498767902746,116,2021.0
